x;y;z;u;v;nx;ny;nz;tx;ty;tz;bx;by;bz;column;row
-1206.4046;1595.6268;1999.9897;0.0000;0.0000;0.5951;-0.8037;-0.0001;0.8037;0.5951;0.0001;-0.0001;-0.0002;1.0000;0;0
-1141.3531;1642.1474;1999.9989;0.0345;0.0000;0.5674;-0.8235;-0.0001;0.8235;0.5674;0.0001;-0.0000;-0.0002;1.0000;1;0
-1073.1015;1687.3529;2000.0051;0.0690;0.0000;0.5362;-0.8441;-0.0001;0.8441;0.5362;0.0001;0.0000;-0.0001;1.0000;2;0
-1001.6317;1730.7970;2000.0087;0.1034;0.0000;0.5020;-0.8649;-0.0001;0.8649;0.5020;0.0000;0.0000;-0.0001;1.0000;3;0
-926.9844;1772.0681;2000.0103;0.1379;0.0000;0.4651;-0.8852;-0.0002;0.8852;0.4651;0.0000;0.0001;-0.0001;1.0000;4;0
-849.2546;1810.7886;2000.0104;0.1724;0.0000;0.4261;-0.9047;-0.0001;0.9047;0.4261;-0.0000;0.0001;-0.0001;1.0000;5;0
-768.5868;1846.6153;2000.0092;0.2069;0.0000;0.3853;-0.9228;-0.0001;0.9228;0.3853;-0.0000;0.0001;-0.0001;1.0000;6;0
-685.1700;1879.2394;2000.0073;0.2414;0.0000;0.3429;-0.9394;-0.0001;0.9394;0.3429;-0.0000;0.0001;-0.0001;1.0000;7;0
-599.2334;1908.3862;2000.0049;0.2759;0.0000;0.2992;-0.9542;-0.0001;0.9542;0.2992;-0.0000;0.0001;-0.0001;1.0000;8;0
-511.0416;1933.8155;2000.0023;0.3103;0.0000;0.2546;-0.9670;-0.0001;0.9670;0.2546;-0.0000;0.0001;-0.0001;1.0000;9;0
-420.8898;1955.3214;1999.9998;0.3448;0.0000;0.2093;-0.9779;-0.0001;0.9779;0.2093;-0.0000;0.0000;-0.0001;1.0000;10;0
-329.0989;1972.7321;1999.9975;0.3793;0.0000;0.1633;-0.9866;-0.0001;0.9866;0.1633;-0.0000;0.0000;-0.0001;1.0000;11;0
-236.0112;1985.9105;1999.9957;0.4138;0.0000;0.1169;-0.9931;-0.0001;0.9931;0.1169;-0.0000;0.0000;-0.0001;1.0000;12;0
-141.9854;1994.7534;1999.9944;0.4483;0.0000;0.0703;-0.9975;-0.0001;0.9975;0.0703;-0.0000;0.0000;-0.0001;1.0000;13;0
-47.3920;1999.1923;1999.9937;0.4828;0.0000;0.0234;-0.9997;-0.0001;0.9997;0.0234;-0.0000;0.0000;-0.0001;1.0000;14;0
47.3914;1999.1927;1999.9936;0.5172;0.0000;-0.0234;-0.9997;-0.0001;0.9997;-0.0234;0.0000;-0.0000;-0.0001;1.0000;15;0
141.9848;1994.7546;1999.9943;0.5517;0.0000;-0.0703;-0.9975;-0.0001;0.9975;-0.0703;0.0000;-0.0000;-0.0001;1.0000;16;0
236.0107;1985.9123;1999.9955;0.5862;0.0000;-0.1169;-0.9931;-0.0001;0.9931;-0.1169;0.0000;-0.0000;-0.0001;1.0000;17;0
329.0986;1972.7345;1999.9973;0.6207;0.0000;-0.1633;-0.9866;-0.0001;0.9866;-0.1633;0.0000;-0.0000;-0.0001;1.0000;18;0
420.8898;1955.3240;1999.9995;0.6552;0.0000;-0.2093;-0.9779;-0.0001;0.9779;-0.2093;0.0000;-0.0000;-0.0001;1.0000;19;0
511.0419;1933.8183;2000.0019;0.6897;0.0000;-0.2546;-0.9670;-0.0001;0.9670;-0.2546;0.0000;-0.0001;-0.0001;1.0000;20;0
599.2340;1908.3888;2000.0043;0.7241;0.0000;-0.2992;-0.9542;-0.0001;0.9542;-0.2992;0.0000;-0.0001;-0.0001;1.0000;21;0
685.1708;1879.2417;2000.0066;0.7586;0.0000;-0.3429;-0.9394;-0.0001;0.9394;-0.3429;0.0000;-0.0001;-0.0001;1.0000;22;0
768.5879;1846.6171;2000.0084;0.7931;0.0000;-0.3853;-0.9228;-0.0001;0.9228;-0.3853;0.0000;-0.0001;-0.0001;1.0000;23;0
849.2559;1810.7897;2000.0094;0.8276;0.0000;-0.4261;-0.9047;-0.0001;0.9047;-0.4261;0.0000;-0.0001;-0.0001;1.0000;24;0
926.9857;1772.0685;2000.0092;0.8621;0.0000;-0.4651;-0.8852;-0.0002;0.8852;-0.4651;-0.0000;-0.0001;-0.0001;1.0000;25;0
1001.6329;1730.7968;2000.0075;0.8966;0.0000;-0.5020;-0.8649;-0.0001;0.8649;-0.5020;-0.0000;-0.0000;-0.0001;1.0000;26;0
1073.1024;1687.3524;2000.0037;0.9310;0.0000;-0.5362;-0.8441;-0.0001;0.8441;-0.5362;-0.0001;-0.0000;-0.0001;1.0000;27;0
1141.3535;1642.1472;1999.9975;0.9655;0.0000;-0.5674;-0.8235;-0.0001;0.8235;-0.5674;-0.0001;0.0000;-0.0002;1.0000;28;0
1206.4041;1595.6276;1999.9883;1.0000;0.0000;-0.5951;-0.8037;-0.0001;0.8037;-0.5951;-0.0001;0.0001;-0.0002;1.0000;29;0
-1206.4024;1595.6322;1920.6116;0.0000;0.0526;0.5951;-0.8037;0.0000;0.8036;0.5950;-0.0162;0.0130;0.0096;0.9999;0;1
-1141.3512;1642.1554;1919.3439;0.0345;0.0526;0.5674;-0.8234;-0.0000;0.8233;0.5673;-0.0155;0.0128;0.0088;0.9999;1;1
-1073.0999;1687.3624;1918.1098;0.0690;0.0526;0.5362;-0.8441;-0.0000;0.8440;0.5361;-0.0146;0.0124;0.0078;0.9999;2;1
-1001.6303;1730.8073;1916.9220;0.1034;0.0526;0.5020;-0.8649;-0.0001;0.8648;0.5019;-0.0137;0.0119;0.0068;0.9999;3;1
-926.9832;1772.0784;1915.7922;0.1379;0.0526;0.4651;-0.8852;-0.0001;0.8852;0.4651;-0.0127;0.0113;0.0059;0.9999;4;1
-849.2536;1810.7984;1914.7310;0.1724;0.0526;0.4261;-0.9047;-0.0001;0.9046;0.4261;-0.0117;0.0106;0.0049;0.9999;5;1
-768.5859;1846.6242;1913.7483;0.2069;0.0526;0.3852;-0.9228;-0.0001;0.9228;0.3852;-0.0106;0.0098;0.0040;0.9999;6;1
-685.1693;1879.2472;1912.8526;0.2414;0.0526;0.3429;-0.9394;-0.0000;0.9393;0.3428;-0.0094;0.0089;0.0032;1.0000;7;1
-599.2328;1908.3928;1912.0520;0.2759;0.0526;0.2992;-0.9542;-0.0000;0.9541;0.2992;-0.0082;0.0079;0.0024;1.0000;8;1
-511.0412;1933.8209;1911.3530;0.3103;0.0526;0.2546;-0.9670;-0.0000;0.9670;0.2546;-0.0070;0.0068;0.0018;1.0000;9;1
-420.8894;1955.3257;1910.7617;0.3448;0.0526;0.2093;-0.9779;-0.0000;0.9778;0.2093;-0.0058;0.0056;0.0012;1.0000;10;1
-329.0986;1972.7354;1910.2828;0.3793;0.0526;0.1633;-0.9866;-0.0000;0.9866;0.1633;-0.0045;0.0044;0.0007;1.0000;11;1
-236.0110;1985.9130;1909.9202;0.4138;0.0526;0.1169;-0.9931;0.0000;0.9931;0.1169;-0.0032;0.0032;0.0004;1.0000;12;1
-141.9852;1994.7553;1909.6768;0.4483;0.0526;0.0703;-0.9975;0.0000;0.9975;0.0703;-0.0019;0.0019;0.0001;1.0000;13;1
-47.3919;1999.1939;1909.5547;0.4828;0.0526;0.0234;-0.9997;0.0000;0.9997;0.0234;-0.0006;0.0006;0.0000;1.0000;14;1
47.3914;1999.1943;1909.5546;0.5172;0.0526;-0.0234;-0.9997;0.0000;0.9997;-0.0234;0.0006;-0.0006;0.0000;1.0000;15;1
141.9847;1994.7565;1909.6768;0.5517;0.0526;-0.0703;-0.9975;0.0000;0.9975;-0.0703;0.0019;-0.0019;0.0001;1.0000;16;1
236.0106;1985.9148;1909.9201;0.5862;0.0526;-0.1169;-0.9931;0.0000;0.9931;-0.1169;0.0032;-0.0032;0.0004;1.0000;17;1
329.0984;1972.7377;1910.2827;0.6207;0.0526;-0.1633;-0.9866;-0.0000;0.9866;-0.1633;0.0045;-0.0044;0.0007;1.0000;18;1
420.8895;1955.3283;1910.7615;0.6552;0.0526;-0.2093;-0.9779;-0.0000;0.9778;-0.2093;0.0058;-0.0056;0.0012;1.0000;19;1
511.0416;1933.8237;1911.3528;0.6897;0.0526;-0.2546;-0.9670;-0.0000;0.9670;-0.2546;0.0070;-0.0068;0.0018;1.0000;20;1
599.2335;1908.3954;1912.0517;0.7241;0.0526;-0.2992;-0.9542;-0.0000;0.9541;-0.2992;0.0082;-0.0079;0.0024;1.0000;21;1
685.1702;1879.2494;1912.8523;0.7586;0.0526;-0.3429;-0.9394;-0.0000;0.9393;-0.3428;0.0094;-0.0089;0.0032;1.0000;22;1
768.5871;1846.6259;1913.7478;0.7931;0.0526;-0.3852;-0.9228;-0.0001;0.9228;-0.3852;0.0106;-0.0098;0.0040;0.9999;23;1
849.2550;1810.7994;1914.7304;0.8276;0.0526;-0.4261;-0.9047;-0.0001;0.9046;-0.4261;0.0117;-0.0106;0.0049;0.9999;24;1
926.9846;1772.0787;1915.7915;0.8621;0.0526;-0.4651;-0.8852;-0.0001;0.8852;-0.4651;0.0127;-0.0113;0.0059;0.9999;25;1
1001.6316;1730.8070;1916.9212;0.8966;0.0526;-0.5020;-0.8649;-0.0001;0.8648;-0.5019;0.0137;-0.0119;0.0068;0.9999;26;1
1073.1009;1687.3618;1918.1090;0.9310;0.0526;-0.5362;-0.8441;-0.0000;0.8440;-0.5361;0.0146;-0.0124;0.0078;0.9999;27;1
1141.3517;1642.1551;1919.3430;0.9655;0.0526;-0.5674;-0.8234;-0.0000;0.8233;-0.5673;0.0155;-0.0128;0.0088;0.9999;28;1
1206.4020;1595.6329;1920.6108;1.0000;0.0526;-0.5951;-0.8037;0.0000;0.8036;-0.5950;0.0162;-0.0130;0.0096;0.9999;29;1
-1206.4015;1595.6298;1841.2374;0.0000;0.1053;0.5951;-0.8036;0.0001;0.8032;0.5948;-0.0325;0.0261;0.0194;0.9995;0;2
-1141.3505;1642.1559;1838.6926;0.0345;0.1053;0.5674;-0.8234;0.0000;0.8230;0.5672;-0.0310;0.0255;0.0176;0.9995;1;2
-1073.0993;1687.3647;1836.2181;0.0690;0.1053;0.5362;-0.8441;-0.0000;0.8437;0.5360;-0.0293;0.0248;0.0157;0.9996;2;2
-1001.6298;1730.8106;1833.8388;0.1034;0.1053;0.5020;-0.8649;-0.0000;0.8646;0.5018;-0.0275;0.0238;0.0138;0.9996;3;2
-926.9828;1772.0820;1831.5774;0.1379;0.1053;0.4651;-0.8852;-0.0000;0.8849;0.4650;-0.0255;0.0226;0.0118;0.9997;4;2
-849.2533;1810.8018;1829.4549;0.1724;0.1053;0.4261;-0.9047;-0.0000;0.9044;0.4260;-0.0234;0.0211;0.0099;0.9997;5;2
-768.5857;1846.6270;1827.4904;0.2069;0.1053;0.3852;-0.9228;-0.0000;0.9226;0.3852;-0.0211;0.0195;0.0081;0.9998;6;2
-685.1691;1879.2491;1825.7010;0.2414;0.1053;0.3428;-0.9394;-0.0000;0.9392;0.3428;-0.0188;0.0177;0.0064;0.9998;7;2
-599.2327;1908.3937;1824.1020;0.2759;0.1053;0.2992;-0.9542;0.0000;0.9541;0.2992;-0.0164;0.0157;0.0049;0.9999;8;2
-511.0411;1933.8207;1822.7067;0.3103;0.1053;0.2546;-0.9670;0.0000;0.9669;0.2546;-0.0140;0.0135;0.0036;0.9999;9;2
-420.8894;1955.3244;1821.5264;0.3448;0.1053;0.2093;-0.9779;0.0000;0.9778;0.2092;-0.0115;0.0112;0.0024;0.9999;10;2
-329.0986;1972.7333;1820.5708;0.3793;0.1053;0.1633;-0.9866;0.0000;0.9865;0.1633;-0.0090;0.0088;0.0015;1.0000;11;2
-236.0110;1985.9101;1819.8474;0.4138;0.1053;0.1169;-0.9931;0.0000;0.9931;0.1169;-0.0064;0.0064;0.0008;1.0000;12;2
-141.9852;1994.7520;1819.3620;0.4483;0.1053;0.0703;-0.9975;0.0001;0.9975;0.0703;-0.0039;0.0038;0.0003;1.0000;13;2
-47.3919;1999.1903;1819.1183;0.4828;0.1053;0.0234;-0.9997;0.0001;0.9997;0.0234;-0.0013;0.0013;0.0001;1.0000;14;2
47.3914;1999.1906;1819.1184;0.5172;0.1053;-0.0234;-0.9997;0.0001;0.9997;-0.0234;0.0013;-0.0013;0.0001;1.0000;15;2
141.9847;1994.7531;1819.3620;0.5517;0.1053;-0.0703;-0.9975;0.0001;0.9975;-0.0703;0.0039;-0.0038;0.0003;1.0000;16;2
236.0106;1985.9119;1819.8474;0.5862;0.1053;-0.1169;-0.9931;0.0000;0.9931;-0.1169;0.0064;-0.0064;0.0008;1.0000;17;2
329.0984;1972.7356;1820.5708;0.6207;0.1053;-0.1633;-0.9866;0.0000;0.9865;-0.1633;0.0090;-0.0088;0.0015;1.0000;18;2
420.8895;1955.3270;1821.5264;0.6552;0.1053;-0.2092;-0.9779;0.0000;0.9778;-0.2092;0.0115;-0.0112;0.0024;0.9999;19;2
511.0415;1933.8234;1822.7066;0.6897;0.1053;-0.2546;-0.9670;0.0000;0.9669;-0.2546;0.0140;-0.0135;0.0036;0.9999;20;2
599.2334;1908.3963;1824.1019;0.7241;0.1053;-0.2992;-0.9542;0.0000;0.9541;-0.2992;0.0164;-0.0157;0.0049;0.9999;21;2
685.1701;1879.2513;1825.7009;0.7586;0.1053;-0.3429;-0.9394;-0.0000;0.9392;-0.3428;0.0188;-0.0177;0.0064;0.9998;22;2
768.5869;1846.6287;1827.4902;0.7931;0.1053;-0.3852;-0.9228;-0.0000;0.9226;-0.3852;0.0211;-0.0195;0.0081;0.9998;23;2
849.2547;1810.8027;1829.4546;0.8276;0.1053;-0.4261;-0.9047;-0.0000;0.9044;-0.4260;0.0234;-0.0211;0.0099;0.9997;24;2
926.9843;1772.0823;1831.5770;0.8621;0.1053;-0.4651;-0.8852;-0.0000;0.8849;-0.4650;0.0255;-0.0226;0.0118;0.9997;25;2
1001.6311;1730.8103;1833.8384;0.8966;0.1053;-0.5020;-0.8649;-0.0000;0.8646;-0.5018;0.0275;-0.0238;0.0138;0.9996;26;2
1073.1003;1687.3641;1836.2177;0.9310;0.1053;-0.5362;-0.8441;-0.0000;0.8437;-0.5360;0.0293;-0.0248;0.0157;0.9996;27;2
1141.3509;1642.1555;1838.6922;0.9655;0.1053;-0.5674;-0.8234;0.0000;0.8230;-0.5672;0.0310;-0.0255;0.0176;0.9995;28;2
1206.4010;1595.6305;1841.2371;1.0000;0.1053;-0.5951;-0.8036;0.0001;0.8032;-0.5948;0.0325;-0.0261;0.0194;0.9995;29;2
-1206.4013;1595.6234;1761.8652;0.0000;0.1579;0.5952;-0.8036;0.0001;0.8027;0.5944;-0.0488;0.0392;0.0291;0.9988;0;3
-1141.3504;1642.1527;1758.0431;0.0345;0.1579;0.5674;-0.8234;0.0000;0.8225;0.5668;-0.0466;0.0383;0.0265;0.9989;1;3
-1073.0993;1687.3637;1754.3282;0.0690;0.1579;0.5362;-0.8441;0.0000;0.8433;0.5357;-0.0440;0.0372;0.0236;0.9990;2;3
-1001.6299;1730.8107;1750.7571;0.1034;0.1579;0.5020;-0.8649;0.0000;0.8641;0.5016;-0.0412;0.0357;0.0207;0.9991;3;3
-926.9830;1772.0827;1747.3641;0.1379;0.1579;0.4651;-0.8852;-0.0000;0.8846;0.4648;-0.0382;0.0338;0.0178;0.9993;4;3
-849.2535;1810.8024;1744.1802;0.1724;0.1579;0.4261;-0.9047;-0.0000;0.9041;0.4258;-0.0350;0.0317;0.0149;0.9994;5;3
-768.5859;1846.6272;1741.2339;0.2069;0.1579;0.3852;-0.9228;0.0000;0.9224;0.3850;-0.0317;0.0292;0.0122;0.9995;6;3
-685.1693;1879.2486;1738.5507;0.2414;0.1579;0.3428;-0.9394;0.0000;0.9390;0.3427;-0.0282;0.0265;0.0097;0.9996;7;3
-599.2329;1908.3923;1736.1532;0.2759;0.1579;0.2992;-0.9542;0.0000;0.9539;0.2991;-0.0246;0.0235;0.0074;0.9997;8;3
-511.0413;1933.8184;1734.0614;0.3103;0.1579;0.2546;-0.9670;0.0000;0.9668;0.2546;-0.0209;0.0202;0.0054;0.9998;9;3
-420.8895;1955.3212;1732.2922;0.3448;0.1579;0.2092;-0.9779;0.0000;0.9777;0.2092;-0.0172;0.0168;0.0036;0.9999;10;3
-329.0987;1972.7292;1730.8599;0.3793;0.1579;0.1633;-0.9866;0.0000;0.9865;0.1633;-0.0134;0.0132;0.0022;0.9999;11;3
-236.0111;1985.9053;1729.7757;0.4138;0.1579;0.1169;-0.9931;0.0001;0.9931;0.1169;-0.0096;0.0095;0.0012;1.0000;12;3
-141.9853;1994.7467;1729.0482;0.4483;0.1579;0.0703;-0.9975;0.0001;0.9975;0.0703;-0.0058;0.0058;0.0005;1.0000;13;3
-47.3920;1999.1848;1728.6830;0.4828;0.1579;0.0234;-0.9997;0.0001;0.9997;0.0234;-0.0019;0.0019;0.0001;1.0000;14;3
47.3914;1999.1852;1728.6830;0.5172;0.1579;-0.0234;-0.9997;0.0001;0.9997;-0.0234;0.0019;-0.0019;0.0001;1.0000;15;3
141.9848;1994.7479;1729.0482;0.5517;0.1579;-0.0703;-0.9975;0.0001;0.9975;-0.0703;0.0058;-0.0058;0.0005;1.0000;16;3
236.0107;1985.9071;1729.7758;0.5862;0.1579;-0.1169;-0.9931;0.0001;0.9931;-0.1169;0.0096;-0.0095;0.0012;1.0000;17;3
329.0985;1972.7315;1730.8600;0.6207;0.1579;-0.1633;-0.9866;0.0000;0.9865;-0.1633;0.0134;-0.0132;0.0022;0.9999;18;3
420.8896;1955.3238;1732.2923;0.6552;0.1579;-0.2092;-0.9779;0.0000;0.9777;-0.2092;0.0172;-0.0168;0.0036;0.9999;19;3
511.0417;1933.8211;1734.0615;0.6897;0.1579;-0.2546;-0.9670;0.0000;0.9668;-0.2546;0.0209;-0.0202;0.0054;0.9998;20;3
599.2336;1908.3949;1736.1533;0.7241;0.1579;-0.2992;-0.9542;0.0000;0.9539;-0.2991;0.0246;-0.0235;0.0074;0.9997;21;3
685.1703;1879.2508;1738.5507;0.7586;0.1579;-0.3428;-0.9394;0.0000;0.9390;-0.3427;0.0282;-0.0265;0.0097;0.9996;22;3
768.5871;1846.6289;1741.2339;0.7931;0.1579;-0.3852;-0.9228;0.0000;0.9224;-0.3850;0.0317;-0.0292;0.0122;0.9995;23;3
849.2549;1810.8034;1744.1802;0.8276;0.1579;-0.4261;-0.9047;-0.0000;0.9041;-0.4259;0.0350;-0.0317;0.0149;0.9994;24;3
926.9844;1772.0829;1747.3640;0.8621;0.1579;-0.4652;-0.8852;-0.0000;0.8846;-0.4648;0.0382;-0.0338;0.0178;0.9993;25;3
1001.6312;1730.8104;1750.7570;0.8966;0.1579;-0.5020;-0.8649;0.0000;0.8641;-0.5016;0.0412;-0.0357;0.0207;0.9991;26;3
1073.1003;1687.3631;1754.3280;0.9310;0.1579;-0.5362;-0.8441;0.0000;0.8433;-0.5357;0.0440;-0.0372;0.0236;0.9990;27;3
1141.3508;1642.1523;1758.0431;0.9655;0.1579;-0.5674;-0.8234;0.0000;0.8225;-0.5668;0.0466;-0.0383;0.0265;0.9989;28;3
1206.4008;1595.6241;1761.8652;1.0000;0.1579;-0.5951;-0.8036;0.0001;0.8027;-0.5944;0.0488;-0.0392;0.0291;0.9988;29;3
-1206.4016;1595.6157;1682.4936;0.0000;0.2105;0.5952;-0.8036;0.0001;0.8019;0.5939;-0.0651;0.0523;0.0388;0.9979;0;4
-1141.3508;1642.1484;1677.3943;0.0345;0.2105;0.5675;-0.8234;0.0000;0.8218;0.5664;-0.0621;0.0511;0.0353;0.9981;1;4
-1073.0997;1687.3617;1672.4387;0.0690;0.2105;0.5362;-0.8441;0.0000;0.8426;0.5353;-0.0587;0.0495;0.0315;0.9983;2;4
-1001.6303;1730.8102;1667.6759;0.1034;0.2105;0.5020;-0.8649;0.0000;0.8636;0.5012;-0.0549;0.0475;0.0276;0.9985;3;4
-926.9834;1772.0828;1663.1511;0.1379;0.2105;0.4651;-0.8852;-0.0000;0.8841;0.4645;-0.0509;0.0451;0.0237;0.9987;4;4
-849.2539;1810.8027;1658.9058;0.1724;0.2105;0.4261;-0.9047;-0.0000;0.9037;0.4256;-0.0467;0.0422;0.0199;0.9989;5;4
-768.5863;1846.6272;1654.9776;0.2069;0.2105;0.3852;-0.9228;-0.0000;0.9220;0.3849;-0.0422;0.0389;0.0163;0.9991;6;4
-685.1697;1879.2480;1651.4004;0.2414;0.2105;0.3428;-0.9394;-0.0000;0.9387;0.3426;-0.0376;0.0353;0.0129;0.9993;7;4
-599.2333;1908.3909;1648.2045;0.2759;0.2105;0.2992;-0.9542;0.0000;0.9537;0.2990;-0.0328;0.0313;0.0098;0.9995;8;4
-511.0416;1933.8161;1645.4161;0.3103;0.2105;0.2546;-0.9670;0.0000;0.9667;0.2545;-0.0279;0.0270;0.0071;0.9996;9;4
-420.8898;1955.3181;1643.0580;0.3448;0.2105;0.2092;-0.9779;0.0000;0.9776;0.2092;-0.0229;0.0224;0.0048;0.9997;10;4
-329.0989;1972.7253;1641.1488;0.3793;0.2105;0.1633;-0.9866;0.0000;0.9864;0.1633;-0.0179;0.0177;0.0030;0.9998;11;4
-236.0112;1985.9009;1639.7038;0.4138;0.2105;0.1169;-0.9931;0.0000;0.9931;0.1169;-0.0128;0.0127;0.0015;0.9999;12;4
-141.9854;1994.7418;1638.7342;0.4483;0.2105;0.0703;-0.9975;0.0000;0.9975;0.0703;-0.0077;0.0077;0.0006;1.0000;13;4
-47.3920;1999.1796;1638.2475;0.4828;0.2105;0.0234;-0.9997;0.0000;0.9997;0.0234;-0.0026;0.0026;0.0001;1.0000;14;4
47.3914;1999.1800;1638.2475;0.5172;0.2105;-0.0234;-0.9997;0.0000;0.9997;-0.0234;0.0026;-0.0026;0.0001;1.0000;15;4
141.9848;1994.7430;1638.7343;0.5517;0.2105;-0.0703;-0.9975;0.0000;0.9975;-0.0702;0.0077;-0.0077;0.0006;1.0000;16;4
236.0108;1985.9026;1639.7039;0.5862;0.2105;-0.1169;-0.9931;0.0000;0.9931;-0.1169;0.0128;-0.0127;0.0015;0.9999;17;4
329.0987;1972.7276;1641.1490;0.6207;0.2105;-0.1633;-0.9866;0.0000;0.9864;-0.1633;0.0179;-0.0177;0.0030;0.9998;18;4
420.8898;1955.3207;1643.0581;0.6552;0.2105;-0.2092;-0.9779;0.0000;0.9776;-0.2092;0.0229;-0.0224;0.0048;0.9997;19;4
511.0419;1933.8188;1645.4163;0.6897;0.2105;-0.2546;-0.9670;0.0000;0.9667;-0.2545;0.0279;-0.0270;0.0071;0.9996;20;4
599.2339;1908.3935;1648.2046;0.7241;0.2105;-0.2992;-0.9542;0.0000;0.9537;-0.2990;0.0328;-0.0313;0.0098;0.9995;21;4
685.1706;1879.2502;1651.4005;0.7586;0.2105;-0.3428;-0.9394;-0.0000;0.9387;-0.3426;0.0376;-0.0353;0.0129;0.9993;22;4
768.5875;1846.6288;1654.9776;0.7931;0.2105;-0.3852;-0.9228;-0.0000;0.9220;-0.3849;0.0422;-0.0389;0.0163;0.9991;23;4
849.2552;1810.8037;1658.9058;0.8276;0.2105;-0.4261;-0.9047;-0.0000;0.9037;-0.4256;0.0467;-0.0422;0.0199;0.9989;24;4
926.9848;1772.0831;1663.1511;0.8621;0.2105;-0.4652;-0.8852;-0.0000;0.8841;-0.4646;0.0509;-0.0451;0.0237;0.9987;25;4
1001.6316;1730.8099;1667.6759;0.8966;0.2105;-0.5020;-0.8649;0.0000;0.8636;-0.5012;0.0549;-0.0475;0.0276;0.9985;26;4
1073.1006;1687.3611;1672.4387;0.9310;0.2105;-0.5363;-0.8441;0.0000;0.8426;-0.5353;0.0587;-0.0495;0.0315;0.9983;27;4
1141.3511;1642.1480;1677.3944;0.9655;0.2105;-0.5675;-0.8234;0.0000;0.8218;-0.5664;0.0621;-0.0511;0.0353;0.9981;28;4
1206.4011;1595.6164;1682.4939;1.0000;0.2105;-0.5952;-0.8036;0.0001;0.8019;-0.5939;0.0651;-0.0523;0.0388;0.9979;29;4
-1206.4022;1595.6082;1603.1219;0.0000;0.2632;0.5952;-0.8036;0.0001;0.8009;0.5932;-0.0813;0.0653;0.0484;0.9967;0;5
-1141.3513;1642.1445;1596.7452;0.0345;0.2632;0.5675;-0.8234;0.0000;0.8209;0.5658;-0.0775;0.0638;0.0440;0.9970;1;5
-1073.1002;1687.3603;1590.5489;0.0690;0.2632;0.5363;-0.8440;0.0000;0.8418;0.5348;-0.0733;0.0619;0.0393;0.9973;2;5
-1001.6308;1730.8104;1584.5943;0.1034;0.2632;0.5020;-0.8649;-0.0000;0.8628;0.5008;-0.0686;0.0594;0.0344;0.9976;3;5
-926.9839;1772.0838;1578.9377;0.1379;0.2632;0.4652;-0.8852;-0.0000;0.8834;0.4642;-0.0636;0.0563;0.0296;0.9980;4;5
-849.2544;1810.8039;1573.6308;0.1724;0.2632;0.4261;-0.9047;-0.0000;0.9031;0.4254;-0.0583;0.0528;0.0248;0.9983;5;5
-768.5867;1846.6283;1568.7207;0.2069;0.2632;0.3852;-0.9228;-0.0000;0.9215;0.3847;-0.0527;0.0487;0.0203;0.9986;6;5
-685.1701;1879.2485;1564.2496;0.2414;0.2632;0.3428;-0.9394;-0.0000;0.9384;0.3424;-0.0469;0.0441;0.0161;0.9989;7;5
-599.2336;1908.3908;1560.2551;0.2759;0.2632;0.2992;-0.9542;-0.0000;0.9534;0.2989;-0.0410;0.0391;0.0123;0.9992;8;5
-511.0419;1933.8152;1556.7702;0.3103;0.2632;0.2546;-0.9670;-0.0000;0.9665;0.2544;-0.0349;0.0337;0.0089;0.9994;9;5
-420.8901;1955.3164;1553.8230;0.3448;0.2632;0.2092;-0.9779;0.0000;0.9775;0.2091;-0.0287;0.0280;0.0060;0.9996;10;5
-329.0991;1972.7229;1551.4371;0.3793;0.2632;0.1633;-0.9866;0.0000;0.9863;0.1632;-0.0224;0.0221;0.0037;0.9997;11;5
-236.0114;1985.8979;1549.6312;0.4138;0.2632;0.1169;-0.9931;0.0000;0.9930;0.1169;-0.0160;0.0159;0.0019;0.9999;12;5
-141.9855;1994.7384;1548.4195;0.4483;0.2632;0.0703;-0.9975;0.0000;0.9975;0.0703;-0.0096;0.0096;0.0007;1.0000;13;5
-47.3921;1999.1760;1547.8113;0.4828;0.2632;0.0234;-0.9997;0.0000;0.9997;0.0234;-0.0032;0.0032;0.0001;1.0000;14;5
47.3914;1999.1764;1547.8113;0.5172;0.2632;-0.0234;-0.9997;0.0000;0.9997;-0.0234;0.0032;-0.0032;0.0001;1.0000;15;5
141.9849;1994.7396;1548.4196;0.5517;0.2632;-0.0702;-0.9975;0.0000;0.9975;-0.0702;0.0096;-0.0096;0.0007;1.0000;16;5
236.0109;1985.8997;1549.6313;0.5862;0.2632;-0.1169;-0.9931;0.0000;0.9930;-0.1169;0.0160;-0.0159;0.0019;0.9999;17;5
329.0989;1972.7252;1551.4373;0.6207;0.2632;-0.1633;-0.9866;0.0000;0.9863;-0.1632;0.0224;-0.0221;0.0037;0.9997;18;5
420.8901;1955.3190;1553.8232;0.6552;0.2632;-0.2092;-0.9779;0.0000;0.9775;-0.2091;0.0287;-0.0280;0.0060;0.9996;19;5
511.0422;1933.8179;1556.7704;0.6897;0.2632;-0.2546;-0.9670;-0.0000;0.9665;-0.2544;0.0349;-0.0337;0.0089;0.9994;20;5
599.2342;1908.3934;1560.2553;0.7241;0.2632;-0.2992;-0.9542;-0.0000;0.9534;-0.2990;0.0410;-0.0391;0.0123;0.9992;21;5
685.1710;1879.2508;1564.2497;0.7586;0.2632;-0.3428;-0.9394;-0.0000;0.9384;-0.3425;0.0469;-0.0441;0.0161;0.9989;22;5
768.5879;1846.6299;1568.7208;0.7931;0.2632;-0.3852;-0.9228;-0.0000;0.9215;-0.3847;0.0527;-0.0487;0.0203;0.9986;23;5
849.2557;1810.8049;1573.6309;0.8276;0.2632;-0.4261;-0.9047;-0.0000;0.9031;-0.4254;0.0583;-0.0528;0.0248;0.9983;24;5
926.9852;1772.0841;1578.9378;0.8621;0.2632;-0.4652;-0.8852;-0.0000;0.8834;-0.4642;0.0636;-0.0563;0.0296;0.9980;25;5
1001.6321;1730.8101;1584.5944;0.8966;0.2632;-0.5020;-0.8649;-0.0000;0.8628;-0.5008;0.0686;-0.0594;0.0344;0.9976;26;5
1073.1011;1687.3598;1590.5490;0.9310;0.2632;-0.5363;-0.8440;0.0000;0.8418;-0.5348;0.0733;-0.0619;0.0393;0.9973;27;5
1141.3516;1642.1442;1596.7454;0.9655;0.2632;-0.5675;-0.8234;0.0000;0.8209;-0.5658;0.0775;-0.0638;0.0440;0.9970;28;5
1206.4016;1595.6090;1603.1223;1.0000;0.2632;-0.5952;-0.8036;0.0001;0.8009;-0.5932;0.0813;-0.0653;0.0484;0.9967;29;5
-1206.4027;1595.6019;1523.7497;0.0000;0.3158;0.5953;-0.8035;0.0001;0.7997;0.5924;-0.0974;0.0783;0.0580;0.9952;0;6
-1141.3518;1642.1419;1516.0955;0.0345;0.3158;0.5675;-0.8234;0.0000;0.8198;0.5651;-0.0929;0.0765;0.0528;0.9957;1;6
-1073.1007;1687.3602;1508.6585;0.0690;0.3158;0.5363;-0.8440;-0.0000;0.8408;0.5342;-0.0879;0.0742;0.0471;0.9961;2;6
-1001.6312;1730.8119;1501.5120;0.1034;0.3158;0.5020;-0.8649;-0.0000;0.8619;0.5003;-0.0823;0.0712;0.0413;0.9966;3;6
-926.9843;1772.0863;1494.7236;0.1379;0.3158;0.4652;-0.8852;-0.0000;0.8826;0.4638;-0.0763;0.0675;0.0355;0.9971;4;6
-849.2547;1810.8067;1488.3551;0.1724;0.3158;0.4261;-0.9047;-0.0000;0.9025;0.4251;-0.0699;0.0633;0.0298;0.9976;5;6
-768.5871;1846.6309;1482.4630;0.2069;0.3158;0.3852;-0.9228;-0.0000;0.9210;0.3844;-0.0632;0.0584;0.0243;0.9980;6;6
-685.1704;1879.2508;1477.0979;0.2414;0.3158;0.3428;-0.9394;-0.0000;0.9379;0.3423;-0.0563;0.0529;0.0193;0.9984;7;6
-599.2339;1908.3924;1472.3049;0.2759;0.3158;0.2992;-0.9542;-0.0000;0.9530;0.2988;-0.0491;0.0469;0.0147;0.9988;8;6
-511.0421;1933.8161;1468.1234;0.3103;0.3158;0.2546;-0.9671;-0.0000;0.9662;0.2544;-0.0418;0.0405;0.0106;0.9991;9;6
-420.8903;1955.3165;1464.5872;0.3448;0.3158;0.2092;-0.9779;-0.0000;0.9773;0.2091;-0.0344;0.0336;0.0072;0.9994;10;6
-329.0993;1972.7223;1461.7245;0.3793;0.3158;0.1633;-0.9866;-0.0000;0.9862;0.1632;-0.0268;0.0265;0.0044;0.9996;11;6
-236.0115;1985.8967;1459.5577;0.4138;0.3158;0.1169;-0.9931;0.0000;0.9930;0.1169;-0.0192;0.0191;0.0023;0.9998;12;6
-141.9856;1994.7369;1458.1039;0.4483;0.3158;0.0703;-0.9975;0.0000;0.9975;0.0702;-0.0116;0.0115;0.0008;0.9999;13;6
-47.3921;1999.1743;1457.3741;0.4828;0.3158;0.0234;-0.9997;0.0000;0.9997;0.0234;-0.0039;0.0039;0.0001;1.0000;14;6
47.3914;1999.1747;1457.3741;0.5172;0.3158;-0.0234;-0.9997;0.0000;0.9997;-0.0234;0.0039;-0.0039;0.0001;1.0000;15;6
141.9850;1994.7380;1458.1039;0.5517;0.3158;-0.0702;-0.9975;0.0000;0.9975;-0.0702;0.0116;-0.0115;0.0008;0.9999;16;6
236.0110;1985.8985;1459.5579;0.5862;0.3158;-0.1169;-0.9931;0.0000;0.9930;-0.1169;0.0192;-0.0191;0.0023;0.9998;17;6
329.0990;1972.7246;1461.7247;0.6207;0.3158;-0.1633;-0.9866;-0.0000;0.9862;-0.1632;0.0268;-0.0265;0.0044;0.9996;18;6
420.8903;1955.3191;1464.5874;0.6552;0.3158;-0.2092;-0.9779;-0.0000;0.9773;-0.2091;0.0344;-0.0336;0.0072;0.9994;19;6
511.0425;1933.8188;1468.1236;0.6897;0.3158;-0.2546;-0.9671;-0.0000;0.9662;-0.2544;0.0418;-0.0405;0.0106;0.9991;20;6
599.2345;1908.3949;1472.3051;0.7241;0.3158;-0.2992;-0.9542;-0.0000;0.9530;-0.2988;0.0491;-0.0469;0.0147;0.9988;21;6
685.1713;1879.2530;1477.0981;0.7586;0.3158;-0.3428;-0.9394;-0.0000;0.9379;-0.3423;0.0563;-0.0529;0.0193;0.9984;22;6
768.5882;1846.6326;1482.4631;0.7931;0.3158;-0.3852;-0.9228;-0.0000;0.9210;-0.3845;0.0632;-0.0584;0.0243;0.9980;23;6
849.2561;1810.8077;1488.3552;0.8276;0.3158;-0.4261;-0.9047;-0.0000;0.9025;-0.4251;0.0699;-0.0633;0.0298;0.9976;24;6
926.9857;1772.0866;1494.7236;0.8621;0.3158;-0.4652;-0.8852;-0.0000;0.8826;-0.4638;0.0763;-0.0675;0.0355;0.9971;25;6
1001.6325;1730.8117;1501.5121;0.8966;0.3158;-0.5020;-0.8649;-0.0000;0.8619;-0.5003;0.0823;-0.0712;0.0413;0.9966;26;6
1073.1016;1687.3597;1508.6586;0.9310;0.3158;-0.5363;-0.8440;-0.0000;0.8408;-0.5342;0.0879;-0.0742;0.0471;0.9961;27;6
1141.3521;1642.1416;1516.0957;0.9655;0.3158;-0.5675;-0.8234;0.0000;0.8198;-0.5651;0.0929;-0.0765;0.0528;0.9957;28;6
1206.4021;1595.6026;1523.7501;1.0000;0.3158;-0.5953;-0.8035;0.0001;0.7997;-0.5924;0.0974;-0.0783;0.0580;0.9952;29;6
-1206.4032;1595.5967;1444.3769;0.0000;0.3684;0.5953;-0.8035;0.0000;0.7983;0.5914;-0.1135;0.0912;0.0676;0.9935;0;7
-1141.3522;1642.1405;1435.4452;0.0345;0.3684;0.5675;-0.8233;0.0000;0.8185;0.5642;-0.1083;0.0891;0.0615;0.9941;1;7
-1073.1010;1687.3614;1426.7675;0.0690;0.3684;0.5363;-0.8440;-0.0000;0.8396;0.5335;-0.1024;0.0864;0.0549;0.9947;2;7
-1001.6315;1730.8148;1418.4291;0.1034;0.3684;0.5020;-0.8649;-0.0000;0.8609;0.4997;-0.0959;0.0829;0.0481;0.9954;3;7
-926.9845;1772.0901;1410.5088;0.1379;0.3684;0.4652;-0.8852;-0.0000;0.8817;0.4633;-0.0889;0.0787;0.0413;0.9960;4;7
-849.2550;1810.8109;1403.0787;0.1724;0.3684;0.4261;-0.9047;-0.0001;0.9017;0.4247;-0.0815;0.0737;0.0347;0.9967;5;7
-768.5872;1846.6350;1396.2046;0.2069;0.3684;0.3852;-0.9228;-0.0000;0.9203;0.3842;-0.0737;0.0680;0.0284;0.9973;6;7
-685.1705;1879.2544;1389.9456;0.2414;0.3684;0.3428;-0.9394;-0.0000;0.9374;0.3421;-0.0656;0.0617;0.0225;0.9978;7;7
-599.2340;1908.3954;1384.3540;0.2759;0.3684;0.2992;-0.9542;-0.0000;0.9526;0.2987;-0.0573;0.0547;0.0171;0.9984;8;7
-511.0422;1933.8184;1379.4759;0.3103;0.3684;0.2546;-0.9671;-0.0000;0.9659;0.2543;-0.0488;0.0472;0.0124;0.9988;9;7
-420.8903;1955.3181;1375.3507;0.3448;0.3684;0.2092;-0.9779;-0.0000;0.9771;0.2090;-0.0401;0.0392;0.0084;0.9992;10;7
-329.0994;1972.7233;1372.0111;0.3793;0.3684;0.1633;-0.9866;-0.0000;0.9861;0.1632;-0.0313;0.0309;0.0051;0.9995;11;7
-236.0115;1985.8971;1369.4835;0.4138;0.3684;0.1169;-0.9931;-0.0000;0.9929;0.1169;-0.0224;0.0223;0.0026;0.9997;12;7
-141.9856;1994.7369;1367.7875;0.4483;0.3684;0.0702;-0.9975;-0.0000;0.9974;0.0702;-0.0135;0.0134;0.0009;0.9999;13;7
-47.3921;1999.1740;1366.9362;0.4828;0.3684;0.0234;-0.9997;-0.0000;0.9997;0.0234;-0.0045;0.0045;0.0001;1.0000;14;7
47.3914;1999.1744;1366.9362;0.5172;0.3684;-0.0234;-0.9997;-0.0000;0.9997;-0.0234;0.0045;-0.0045;0.0001;1.0000;15;7
141.9850;1994.7380;1367.7875;0.5517;0.3684;-0.0702;-0.9975;-0.0000;0.9974;-0.0702;0.0135;-0.0134;0.0009;0.9999;16;7
236.0111;1985.8989;1369.4836;0.5862;0.3684;-0.1169;-0.9931;-0.0000;0.9929;-0.1169;0.0224;-0.0223;0.0026;0.9997;17;7
329.0991;1972.7256;1372.0113;0.6207;0.3684;-0.1633;-0.9866;-0.0000;0.9861;-0.1632;0.0313;-0.0309;0.0051;0.9995;18;7
420.8904;1955.3207;1375.3508;0.6552;0.3684;-0.2092;-0.9779;-0.0000;0.9771;-0.2090;0.0401;-0.0392;0.0084;0.9992;19;7
511.0426;1933.8211;1379.4761;0.6897;0.3684;-0.2546;-0.9671;-0.0000;0.9659;-0.2543;0.0488;-0.0472;0.0124;0.9988;20;7
599.2347;1908.3980;1384.3542;0.7241;0.3684;-0.2992;-0.9542;-0.0000;0.9526;-0.2987;0.0573;-0.0547;0.0171;0.9984;21;7
685.1715;1879.2567;1389.9457;0.7586;0.3684;-0.3428;-0.9394;-0.0000;0.9374;-0.3421;0.0656;-0.0617;0.0225;0.9978;22;7
768.5885;1846.6367;1396.2047;0.7931;0.3684;-0.3852;-0.9228;-0.0000;0.9203;-0.3842;0.0737;-0.0680;0.0284;0.9973;23;7
849.2563;1810.8119;1403.0788;0.8276;0.3684;-0.4261;-0.9047;-0.0001;0.9017;-0.4247;0.0815;-0.0737;0.0347;0.9967;24;7
926.9860;1772.0905;1410.5088;0.8621;0.3684;-0.4652;-0.8852;-0.0000;0.8817;-0.4633;0.0889;-0.0787;0.0413;0.9960;25;7
1001.6328;1730.8146;1418.4291;0.8966;0.3684;-0.5020;-0.8649;-0.0000;0.8609;-0.4997;0.0959;-0.0829;0.0481;0.9954;26;7
1073.1020;1687.3609;1426.7676;0.9310;0.3684;-0.5363;-0.8440;-0.0000;0.8396;-0.5335;0.1024;-0.0864;0.0549;0.9947;27;7
1141.3525;1642.1402;1435.4454;0.9655;0.3684;-0.5675;-0.8233;0.0000;0.8185;-0.5642;0.1083;-0.0891;0.0615;0.9941;28;7
1206.4025;1595.5975;1444.3772;1.0000;0.3684;-0.5953;-0.8035;0.0000;0.7983;-0.5914;0.1135;-0.0912;0.0676;0.9935;29;7
-1206.4034;1595.5925;1365.0037;0.0000;0.4211;0.5953;-0.8035;0.0000;0.7967;0.5903;-0.1295;0.1040;0.0771;0.9916;0;8
-1141.3523;1642.1400;1354.7946;0.0345;0.4211;0.5676;-0.8233;0.0000;0.8170;0.5632;-0.1235;0.1017;0.0701;0.9923;1;8
-1073.1011;1687.3635;1344.8761;0.0690;0.4211;0.5363;-0.8440;-0.0000;0.8382;0.5326;-0.1168;0.0986;0.0626;0.9932;2;8
-1001.6316;1730.8186;1335.3458;0.1034;0.4211;0.5020;-0.8648;-0.0000;0.8597;0.4990;-0.1094;0.0947;0.0549;0.9940;3;8
-926.9845;1772.0948;1326.2936;0.1379;0.4211;0.4652;-0.8852;-0.0001;0.8807;0.4628;-0.1015;0.0899;0.0472;0.9948;4;8
-849.2549;1810.8160;1317.8020;0.1724;0.4211;0.4261;-0.9047;-0.0001;0.9007;0.4243;-0.0930;0.0842;0.0396;0.9957;5;8
-768.5872;1846.6399;1309.9459;0.2069;0.4211;0.3852;-0.9228;-0.0001;0.9196;0.3838;-0.0842;0.0777;0.0324;0.9965;6;8
-685.1705;1879.2589;1302.7928;0.2414;0.4211;0.3428;-0.9394;-0.0000;0.9368;0.3418;-0.0750;0.0704;0.0257;0.9972;7;8
-599.2340;1908.3993;1296.4027;0.2759;0.4211;0.2992;-0.9542;-0.0000;0.9522;0.2985;-0.0655;0.0625;0.0195;0.9979;8;8
-511.0422;1933.8216;1290.8280;0.3103;0.4211;0.2546;-0.9671;-0.0000;0.9656;0.2542;-0.0557;0.0539;0.0142;0.9984;9;8
-420.8903;1955.3205;1286.1137;0.3448;0.4211;0.2092;-0.9779;-0.0000;0.9768;0.2090;-0.0458;0.0448;0.0096;0.9989;10;8
-329.0993;1972.7250;1282.2974;0.3793;0.4211;0.1633;-0.9866;-0.0000;0.9860;0.1632;-0.0358;0.0353;0.0058;0.9994;11;8
-236.0115;1985.8983;1279.4089;0.4138;0.4211;0.1169;-0.9931;-0.0000;0.9928;0.1169;-0.0256;0.0254;0.0030;0.9997;12;8
-141.9856;1994.7376;1277.4707;0.4483;0.4211;0.0702;-0.9975;-0.0000;0.9974;0.0702;-0.0154;0.0154;0.0011;0.9999;13;8
-47.3921;1999.1746;1276.4979;0.4828;0.4211;0.0234;-0.9997;-0.0000;0.9997;0.0234;-0.0051;0.0051;0.0001;1.0000;14;8
47.3914;1999.1750;1276.4979;0.5172;0.4211;-0.0234;-0.9997;-0.0000;0.9997;-0.0234;0.0051;-0.0051;0.0001;1.0000;15;8
141.9850;1994.7388;1277.4708;0.5517;0.4211;-0.0702;-0.9975;-0.0000;0.9974;-0.0702;0.0154;-0.0154;0.0011;0.9999;16;8
236.0111;1985.9001;1279.4089;0.5862;0.4211;-0.1169;-0.9931;-0.0000;0.9928;-0.1168;0.0256;-0.0254;0.0030;0.9997;17;8
329.0991;1972.7273;1282.2975;0.6207;0.4211;-0.1633;-0.9866;-0.0000;0.9860;-0.1631;0.0358;-0.0353;0.0058;0.9994;18;8
420.8903;1955.3231;1286.1139;0.6552;0.4211;-0.2092;-0.9779;-0.0000;0.9768;-0.2090;0.0458;-0.0448;0.0096;0.9989;19;8
511.0426;1933.8243;1290.8281;0.6897;0.4211;-0.2546;-0.9671;-0.0000;0.9656;-0.2542;0.0557;-0.0539;0.0142;0.9984;20;8
599.2347;1908.4019;1296.4028;0.7241;0.4211;-0.2992;-0.9542;-0.0000;0.9521;-0.2985;0.0655;-0.0625;0.0195;0.9979;21;8
685.1715;1879.2612;1302.7929;0.7586;0.4211;-0.3428;-0.9394;-0.0000;0.9368;-0.3418;0.0750;-0.0704;0.0257;0.9972;22;8
768.5885;1846.6416;1309.9459;0.7931;0.4211;-0.3852;-0.9228;-0.0001;0.9195;-0.3839;0.0842;-0.0777;0.0324;0.9965;23;8
849.2564;1810.8170;1317.8020;0.8276;0.4211;-0.4261;-0.9047;-0.0001;0.9007;-0.4243;0.0930;-0.0842;0.0396;0.9957;24;8
926.9860;1772.0952;1326.2935;0.8621;0.4211;-0.4652;-0.8852;-0.0001;0.8806;-0.4628;0.1015;-0.0899;0.0472;0.9948;25;8
1001.6329;1730.8184;1335.3457;0.8966;0.4211;-0.5020;-0.8648;-0.0000;0.8596;-0.4990;0.1094;-0.0947;0.0549;0.9940;26;8
1073.1021;1687.3630;1344.8761;0.9310;0.4211;-0.5363;-0.8440;-0.0000;0.8382;-0.5326;0.1168;-0.0986;0.0626;0.9932;27;8
1141.3527;1642.1397;1354.7946;0.9655;0.4211;-0.5676;-0.8233;0.0000;0.8170;-0.5632;0.1235;-0.1017;0.0701;0.9923;28;8
1206.4028;1595.5933;1365.0039;1.0000;0.4211;-0.5953;-0.8035;0.0000;0.7967;-0.5903;0.1295;-0.1040;0.0771;0.9916;29;8
-1206.4034;1595.5887;1285.6304;0.0000;0.4737;0.5954;-0.8035;0.0000;0.7949;0.5890;-0.1453;0.1168;0.0866;0.9894;0;9
-1141.3522;1642.1398;1274.1438;0.0345;0.4737;0.5676;-0.8233;0.0000;0.8153;0.5621;-0.1387;0.1142;0.0787;0.9903;1;9
-1073.1009;1687.3659;1262.9846;0.0690;0.4737;0.5363;-0.8440;-0.0000;0.8367;0.5317;-0.1312;0.1107;0.0703;0.9914;2;9
-1001.6314;1730.8226;1252.2624;0.1034;0.4737;0.5020;-0.8648;-0.0000;0.8583;0.4982;-0.1229;0.1063;0.0617;0.9924;3;9
-926.9843;1772.0997;1242.0784;0.1379;0.4737;0.4652;-0.8852;-0.0000;0.8794;0.4621;-0.1140;0.1010;0.0530;0.9935;4;9
-849.2547;1810.8211;1232.5252;0.1724;0.4737;0.4261;-0.9047;-0.0000;0.8997;0.4238;-0.1046;0.0946;0.0445;0.9945;5;9
-768.5870;1846.6449;1223.6871;0.2069;0.4737;0.3852;-0.9228;-0.0000;0.9187;0.3835;-0.0946;0.0873;0.0364;0.9955;6;9
-685.1702;1879.2634;1215.6401;0.2414;0.4737;0.3428;-0.9394;-0.0000;0.9361;0.3416;-0.0843;0.0792;0.0288;0.9964;7;9
-599.2337;1908.4031;1208.4514;0.2759;0.4737;0.2992;-0.9542;-0.0000;0.9516;0.2984;-0.0736;0.0702;0.0220;0.9973;8;9
-511.0420;1933.8246;1202.1802;0.3103;0.4737;0.2546;-0.9671;-0.0000;0.9652;0.2541;-0.0627;0.0606;0.0159;0.9980;9;9
-420.8901;1955.3228;1196.8769;0.3448;0.4737;0.2092;-0.9779;-0.0000;0.9766;0.2089;-0.0515;0.0504;0.0108;0.9987;10;9
-329.0992;1972.7266;1192.5837;0.3793;0.4737;0.1632;-0.9866;-0.0000;0.9858;0.1631;-0.0402;0.0397;0.0066;0.9992;11;9
-236.0114;1985.8993;1189.3343;0.4138;0.4737;0.1169;-0.9931;-0.0000;0.9927;0.1168;-0.0288;0.0286;0.0034;0.9996;12;9
-141.9855;1994.7383;1187.1540;0.4483;0.4737;0.0702;-0.9975;-0.0000;0.9974;0.0702;-0.0173;0.0173;0.0012;0.9998;13;9
-47.3921;1999.1750;1186.0596;0.4828;0.4737;0.0234;-0.9997;0.0000;0.9997;0.0234;-0.0058;0.0058;0.0001;1.0000;14;9
47.3914;1999.1754;1186.0597;0.5172;0.4737;-0.0234;-0.9997;0.0000;0.9997;-0.0234;0.0058;-0.0058;0.0001;1.0000;15;9
141.9849;1994.7394;1187.1540;0.5517;0.4737;-0.0702;-0.9975;-0.0000;0.9974;-0.0702;0.0173;-0.0173;0.0012;0.9998;16;9
236.0110;1985.9011;1189.3344;0.5862;0.4737;-0.1169;-0.9931;-0.0000;0.9927;-0.1168;0.0288;-0.0286;0.0034;0.9996;17;9
329.0990;1972.7289;1192.5838;0.6207;0.4737;-0.1632;-0.9866;-0.0000;0.9858;-0.1631;0.0402;-0.0397;0.0066;0.9992;18;9
420.8902;1955.3254;1196.8770;0.6552;0.4737;-0.2092;-0.9779;-0.0000;0.9766;-0.2089;0.0515;-0.0504;0.0108;0.9987;19;9
511.0424;1933.8274;1202.1802;0.6897;0.4737;-0.2546;-0.9671;-0.0000;0.9652;-0.2541;0.0627;-0.0606;0.0159;0.9980;20;9
599.2345;1908.4057;1208.4515;0.7241;0.4737;-0.2992;-0.9542;-0.0000;0.9516;-0.2984;0.0736;-0.0702;0.0220;0.9973;21;9
685.1713;1879.2656;1215.6401;0.7586;0.4737;-0.3428;-0.9394;-0.0000;0.9361;-0.3416;0.0843;-0.0792;0.0288;0.9964;22;9
768.5882;1846.6466;1223.6871;0.7931;0.4737;-0.3852;-0.9228;-0.0000;0.9187;-0.3835;0.0946;-0.0873;0.0364;0.9955;23;9
849.2562;1810.8221;1232.5251;0.8276;0.4737;-0.4261;-0.9047;-0.0000;0.8997;-0.4238;0.1045;-0.0946;0.0445;0.9945;24;9
926.9858;1772.1000;1242.0782;0.8621;0.4737;-0.4652;-0.8852;-0.0000;0.8794;-0.4621;0.1140;-0.1010;0.0530;0.9935;25;9
1001.6328;1730.8223;1252.2622;0.8966;0.4737;-0.5020;-0.8648;-0.0000;0.8583;-0.4982;0.1229;-0.1063;0.0617;0.9924;26;9
1073.1020;1687.3653;1262.9844;0.9310;0.4737;-0.5363;-0.8440;-0.0000;0.8367;-0.5317;0.1312;-0.1107;0.0703;0.9914;27;9
1141.3526;1642.1394;1274.1437;0.9655;0.4737;-0.5676;-0.8233;0.0000;0.8153;-0.5621;0.1387;-0.1142;0.0787;0.9903;28;9
1206.4028;1595.5894;1285.6304;1.0000;0.4737;-0.5954;-0.8035;0.0000;0.7949;-0.5890;0.1454;-0.1168;0.0866;0.9894;29;9
-1206.4031;1595.5848;1206.2572;0.0000;0.5263;0.5954;-0.8034;0.0000;0.7929;0.5876;-0.1611;0.1294;0.0960;0.9869;0;10
-1141.3519;1642.1393;1193.4932;0.0345;0.5263;0.5676;-0.8233;0.0000;0.8135;0.5609;-0.1538;0.1266;0.0873;0.9881;1;10
-1073.1006;1687.3678;1181.0933;0.0690;0.5263;0.5364;-0.8440;-0.0000;0.8350;0.5306;-0.1455;0.1228;0.0780;0.9894;2;10
-1001.6309;1730.8260;1169.1793;0.1034;0.5263;0.5021;-0.8648;-0.0000;0.8568;0.4974;-0.1364;0.1179;0.0684;0.9907;3;10
-926.9839;1772.1039;1157.8635;0.1379;0.5263;0.4652;-0.8852;-0.0000;0.8781;0.4614;-0.1265;0.1120;0.0588;0.9920;4;10
-849.2542;1810.8254;1147.2488;0.1724;0.5263;0.4261;-0.9047;-0.0000;0.8986;0.4232;-0.1160;0.1050;0.0494;0.9932;5;10
-768.5865;1846.6490;1137.4288;0.2069;0.5263;0.3852;-0.9228;-0.0000;0.9177;0.3831;-0.1050;0.0969;0.0404;0.9945;6;10
-685.1698;1879.2670;1128.4878;0.2414;0.5263;0.3428;-0.9394;-0.0000;0.9353;0.3413;-0.0936;0.0879;0.0320;0.9956;7;10
-599.2334;1908.4059;1120.5006;0.2759;0.5263;0.2992;-0.9542;-0.0000;0.9510;0.2982;-0.0817;0.0780;0.0244;0.9967;8;10
-511.0416;1933.8266;1113.5328;0.3103;0.5263;0.2546;-0.9671;-0.0000;0.9647;0.2539;-0.0696;0.0673;0.0177;0.9976;9;10
-420.8898;1955.3240;1107.6405;0.3448;0.5263;0.2092;-0.9779;-0.0000;0.9763;0.2088;-0.0572;0.0560;0.0120;0.9984;10;10
-329.0989;1972.7271;1102.8705;0.3793;0.5263;0.1632;-0.9866;0.0000;0.9856;0.1631;-0.0447;0.0441;0.0073;0.9990;11;10
-236.0112;1985.8992;1099.2603;0.4138;0.5263;0.1169;-0.9931;0.0000;0.9926;0.1168;-0.0320;0.0318;0.0038;0.9995;12;10
-141.9854;1994.7377;1096.8379;0.4483;0.5263;0.0702;-0.9975;0.0000;0.9973;0.0702;-0.0192;0.0192;0.0014;0.9998;13;10
-47.3920;1999.1743;1095.6220;0.4828;0.5263;0.0234;-0.9997;0.0000;0.9997;0.0234;-0.0064;0.0064;0.0002;1.0000;14;10
47.3914;1999.1747;1095.6220;0.5172;0.5263;-0.0234;-0.9997;0.0000;0.9997;-0.0234;0.0064;-0.0064;0.0002;1.0000;15;10
141.9848;1994.7388;1096.8379;0.5517;0.5263;-0.0702;-0.9975;0.0000;0.9973;-0.0702;0.0192;-0.0192;0.0014;0.9998;16;10
236.0108;1985.9010;1099.2604;0.5862;0.5263;-0.1169;-0.9931;0.0000;0.9926;-0.1168;0.0320;-0.0318;0.0038;0.9995;17;10
329.0987;1972.7294;1102.8706;0.6207;0.5263;-0.1632;-0.9866;0.0000;0.9856;-0.1631;0.0447;-0.0441;0.0073;0.9990;18;10
420.8899;1955.3266;1107.6406;0.6552;0.5263;-0.2092;-0.9779;-0.0000;0.9763;-0.2088;0.0572;-0.0560;0.0120;0.9984;19;10
511.0420;1933.8294;1113.5329;0.6897;0.5263;-0.2546;-0.9671;-0.0000;0.9647;-0.2539;0.0696;-0.0673;0.0177;0.9976;20;10
599.2341;1908.4085;1120.5006;0.7241;0.5263;-0.2992;-0.9542;-0.0000;0.9510;-0.2982;0.0817;-0.0780;0.0244;0.9967;21;10
685.1709;1879.2692;1128.4878;0.7586;0.5263;-0.3428;-0.9394;-0.0000;0.9353;-0.3413;0.0936;-0.0879;0.0320;0.9956;22;10
768.5878;1846.6507;1137.4287;0.7931;0.5263;-0.3852;-0.9228;-0.0000;0.9177;-0.3831;0.1050;-0.0969;0.0404;0.9945;23;10
849.2557;1810.8264;1147.2486;0.8276;0.5263;-0.4261;-0.9047;-0.0000;0.8986;-0.4232;0.1160;-0.1050;0.0494;0.9932;24;10
926.9854;1772.1041;1157.8633;0.8621;0.5263;-0.4652;-0.8852;-0.0000;0.8781;-0.4614;0.1265;-0.1120;0.0588;0.9920;25;10
1001.6323;1730.8257;1169.1791;0.8966;0.5263;-0.5021;-0.8648;-0.0000;0.8568;-0.4974;0.1363;-0.1179;0.0684;0.9907;26;10
1073.1016;1687.3672;1181.0931;0.9310;0.5263;-0.5364;-0.8440;-0.0000;0.8350;-0.5306;0.1455;-0.1228;0.0780;0.9894;27;10
1141.3523;1642.1389;1193.4930;0.9655;0.5263;-0.5676;-0.8233;0.0000;0.8135;-0.5609;0.1538;-0.1266;0.0873;0.9881;28;10
1206.4025;1595.5853;1206.2571;1.0000;0.5263;-0.5954;-0.8034;0.0000;0.7929;-0.5876;0.1611;-0.1294;0.0960;0.9869;29;10
-1206.4028;1595.5802;1126.8844;0.0000;0.5789;0.5954;-0.8034;0.0001;0.7908;0.5860;-0.1767;0.1420;0.1053;0.9843;0;11
-1141.3515;1642.1380;1112.8431;0.0345;0.5789;0.5676;-0.8233;0.0000;0.8115;0.5595;-0.1687;0.1389;0.0958;0.9857;1;11
-1073.1000;1687.3688;1099.2026;0.0690;0.5789;0.5364;-0.8440;0.0000;0.8332;0.5295;-0.1597;0.1348;0.0856;0.9872;2;11
-1001.6304;1730.8283;1086.0969;0.1034;0.5789;0.5021;-0.8648;-0.0000;0.8551;0.4964;-0.1497;0.1295;0.0751;0.9887;3;11
-926.9832;1772.1067;1073.6493;0.1379;0.5789;0.4652;-0.8852;-0.0000;0.8766;0.4607;-0.1389;0.1230;0.0646;0.9903;4;11
-849.2536;1810.8284;1061.9731;0.1724;0.5789;0.4261;-0.9047;-0.0000;0.8973;0.4226;-0.1274;0.1153;0.0543;0.9918;5;11
-768.5859;1846.6516;1051.1713;0.2069;0.5789;0.3852;-0.9228;-0.0000;0.9167;0.3826;-0.1154;0.1065;0.0444;0.9933;6;11
-685.1692;1879.2689;1041.3364;0.2414;0.5789;0.3428;-0.9394;-0.0000;0.9344;0.3410;-0.1028;0.0966;0.0352;0.9947;7;11
-599.2328;1908.4070;1032.5508;0.2759;0.5789;0.2992;-0.9542;0.0000;0.9503;0.2979;-0.0898;0.0857;0.0269;0.9960;8;11
-511.0412;1933.8268;1024.8864;0.3103;0.5789;0.2545;-0.9671;0.0000;0.9642;0.2538;-0.0765;0.0740;0.0195;0.9971;9;11
-420.8894;1955.3233;1018.4052;0.3448;0.5789;0.2092;-0.9779;0.0000;0.9759;0.2088;-0.0629;0.0615;0.0132;0.9980;10;11
-329.0986;1972.7256;1013.1584;0.3793;0.5789;0.1632;-0.9866;0.0000;0.9854;0.1630;-0.0492;0.0485;0.0081;0.9988;11;11
-236.0110;1985.8970;1009.1873;0.4138;0.5789;0.1169;-0.9931;0.0000;0.9925;0.1168;-0.0352;0.0350;0.0042;0.9994;12;11
-141.9853;1994.7351;1006.5228;0.4483;0.5789;0.0702;-0.9975;0.0000;0.9973;0.0702;-0.0212;0.0211;0.0015;0.9998;13;11
-47.3920;1999.1714;1005.1854;0.4828;0.5789;0.0234;-0.9997;0.0000;0.9997;0.0234;-0.0071;0.0071;0.0002;1.0000;14;11
47.3913;1999.1718;1005.1854;0.5172;0.5789;-0.0234;-0.9997;0.0000;0.9997;-0.0234;0.0071;-0.0071;0.0002;1.0000;15;11
141.9847;1994.7362;1006.5228;0.5517;0.5789;-0.0702;-0.9975;0.0000;0.9973;-0.0702;0.0212;-0.0211;0.0015;0.9998;16;11
236.0105;1985.8988;1009.1873;0.5862;0.5789;-0.1169;-0.9931;0.0000;0.9925;-0.1168;0.0352;-0.0350;0.0042;0.9994;17;11
329.0984;1972.7279;1013.1584;0.6207;0.5789;-0.1632;-0.9866;0.0000;0.9854;-0.1630;0.0492;-0.0485;0.0081;0.9988;18;11
420.8895;1955.3259;1018.4052;0.6552;0.5789;-0.2092;-0.9779;0.0000;0.9759;-0.2088;0.0629;-0.0615;0.0132;0.9980;19;11
511.0416;1933.8295;1024.8864;0.6897;0.5789;-0.2545;-0.9671;0.0000;0.9642;-0.2538;0.0765;-0.0740;0.0195;0.9971;20;11
599.2335;1908.4096;1032.5507;0.7241;0.5789;-0.2992;-0.9542;0.0000;0.9503;-0.2979;0.0898;-0.0857;0.0269;0.9960;21;11
685.1703;1879.2711;1041.3363;0.7586;0.5789;-0.3428;-0.9394;-0.0000;0.9344;-0.3410;0.1028;-0.0966;0.0352;0.9947;22;11
768.5872;1846.6532;1051.1711;0.7931;0.5789;-0.3852;-0.9228;-0.0000;0.9167;-0.3826;0.1154;-0.1065;0.0444;0.9933;23;11
849.2551;1810.8293;1061.9729;0.8276;0.5789;-0.4261;-0.9047;-0.0000;0.8973;-0.4226;0.1274;-0.1153;0.0543;0.9918;24;11
926.9848;1772.1070;1073.6490;0.8621;0.5789;-0.4652;-0.8852;-0.0000;0.8766;-0.4607;0.1389;-0.1230;0.0646;0.9903;25;11
1001.6318;1730.8279;1086.0965;0.8966;0.5789;-0.5021;-0.8648;-0.0000;0.8551;-0.4964;0.1497;-0.1295;0.0751;0.9887;26;11
1073.1011;1687.3681;1099.2022;0.9310;0.5789;-0.5364;-0.8440;0.0000;0.8332;-0.5295;0.1597;-0.1348;0.0856;0.9872;27;11
1141.3519;1642.1376;1112.8427;0.9655;0.5789;-0.5676;-0.8233;0.0000;0.8115;-0.5595;0.1687;-0.1389;0.0958;0.9857;28;11
1206.4022;1595.5807;1126.8841;1.0000;0.5789;-0.5954;-0.8034;0.0001;0.7908;-0.5860;0.1768;-0.1420;0.1053;0.9843;29;11
-1206.4024;1595.5749;1047.5119;0.0000;0.6316;0.5955;-0.8034;0.0001;0.7884;0.5843;-0.1923;0.1544;0.1145;0.9813;0;12
-1141.3510;1642.1358;1032.1934;0.0345;0.6316;0.5677;-0.8233;0.0000;0.8093;0.5580;-0.1836;0.1511;0.1042;0.9830;1;12
-1073.0995;1687.3685;1017.3125;0.0690;0.6316;0.5364;-0.8440;0.0000;0.8311;0.5282;-0.1738;0.1467;0.0932;0.9848;2;12
-1001.6297;1730.8292;1003.0151;0.1034;0.6316;0.5021;-0.8648;0.0000;0.8533;0.4954;-0.1630;0.1409;0.0818;0.9866;3;12
-926.9826;1772.1080;989.4359;0.1379;0.6316;0.4652;-0.8852;-0.0000;0.8750;0.4598;-0.1513;0.1339;0.0704;0.9885;4;12
-849.2529;1810.8295;976.6984;0.1724;0.6316;0.4261;-0.9047;-0.0000;0.8959;0.4220;-0.1388;0.1256;0.0591;0.9903;5;12
-768.5852;1846.6522;964.9147;0.2069;0.6316;0.3852;-0.9228;0.0000;0.9155;0.3821;-0.1257;0.1160;0.0484;0.9921;6;12
-685.1686;1879.2687;954.1860;0.2414;0.6316;0.3428;-0.9394;0.0000;0.9335;0.3406;-0.1120;0.1052;0.0384;0.9937;7;12
-599.2322;1908.4059;944.6019;0.2759;0.6316;0.2991;-0.9542;0.0000;0.9496;0.2977;-0.0979;0.0934;0.0293;0.9952;8;12
-511.0406;1933.8247;936.2411;0.3103;0.6316;0.2545;-0.9671;0.0000;0.9637;0.2536;-0.0834;0.0807;0.0213;0.9965;9;12
-420.8890;1955.3202;929.1709;0.3448;0.6316;0.2092;-0.9779;0.0000;0.9756;0.2087;-0.0686;0.0671;0.0144;0.9976;10;12
-329.0983;1972.7216;923.4474;0.3793;0.6316;0.1632;-0.9866;0.0001;0.9852;0.1630;-0.0536;0.0529;0.0088;0.9986;11;12
-236.0107;1985.8924;919.1155;0.4138;0.6316;0.1169;-0.9931;0.0001;0.9924;0.1168;-0.0384;0.0381;0.0046;0.9993;12;12
-141.9851;1994.7299;916.2089;0.4483;0.6316;0.0702;-0.9975;0.0001;0.9973;0.0702;-0.0231;0.0230;0.0017;0.9997;13;12
-47.3920;1999.1660;914.7500;0.4828;0.6316;0.0234;-0.9997;0.0001;0.9997;0.0234;-0.0077;0.0077;0.0003;1.0000;14;12
47.3912;1999.1664;914.7500;0.5172;0.6316;-0.0234;-0.9997;0.0001;0.9997;-0.0234;0.0077;-0.0077;0.0003;1.0000;15;12
141.9845;1994.7311;916.2089;0.5517;0.6316;-0.0702;-0.9975;0.0001;0.9973;-0.0702;0.0231;-0.0230;0.0017;0.9997;16;12
236.0103;1985.8942;919.1155;0.5862;0.6316;-0.1169;-0.9931;0.0001;0.9924;-0.1168;0.0384;-0.0381;0.0046;0.9993;17;12
329.0980;1972.7239;923.4474;0.6207;0.6316;-0.1632;-0.9866;0.0001;0.9852;-0.1630;0.0536;-0.0529;0.0088;0.9986;18;12
420.8890;1955.3228;929.1709;0.6552;0.6316;-0.2092;-0.9779;0.0000;0.9756;-0.2087;0.0686;-0.0671;0.0144;0.9976;19;12
511.0410;1933.8274;936.2411;0.6897;0.6316;-0.2545;-0.9671;0.0000;0.9637;-0.2536;0.0834;-0.0807;0.0213;0.9965;20;12
599.2329;1908.4084;944.6018;0.7241;0.6316;-0.2991;-0.9542;0.0000;0.9496;-0.2977;0.0979;-0.0934;0.0293;0.9952;21;12
685.1696;1879.2709;954.1858;0.7586;0.6316;-0.3428;-0.9394;0.0000;0.9335;-0.3406;0.1120;-0.1052;0.0384;0.9937;22;12
768.5865;1846.6538;964.9145;0.7931;0.6316;-0.3852;-0.9228;0.0000;0.9155;-0.3821;0.1257;-0.1160;0.0484;0.9921;23;12
849.2544;1810.8305;976.6981;0.8276;0.6316;-0.4261;-0.9047;0.0000;0.8959;-0.4220;0.1388;-0.1256;0.0591;0.9903;24;12
926.9841;1772.1082;989.4355;0.8621;0.6316;-0.4652;-0.8852;-0.0000;0.8750;-0.4598;0.1513;-0.1339;0.0704;0.9885;25;12
1001.6311;1730.8288;1003.0147;0.8966;0.6316;-0.5021;-0.8648;0.0000;0.8533;-0.4954;0.1630;-0.1409;0.0818;0.9866;26;12
1073.1005;1687.3678;1017.3120;0.9310;0.6316;-0.5364;-0.8440;0.0000;0.8311;-0.5282;0.1738;-0.1467;0.0932;0.9848;27;12
1141.3514;1642.1353;1032.1930;0.9655;0.6316;-0.5677;-0.8233;0.0000;0.8093;-0.5580;0.1836;-0.1511;0.1042;0.9830;28;12
1206.4018;1595.5753;1047.5116;1.0000;0.6316;-0.5955;-0.8034;0.0001;0.7884;-0.5843;0.1923;-0.1544;0.1145;0.9813;29;12
-1206.4023;1595.5695;968.1397;0.0000;0.6842;0.5955;-0.8034;0.0001;0.7859;0.5825;-0.2076;0.1668;0.1237;0.9782;0;13
-1141.3507;1642.1331;951.5441;0.0345;0.6842;0.5677;-0.8232;0.0000;0.8069;0.5564;-0.1983;0.1632;0.1126;0.9801;1;13
-1073.0990;1687.3675;935.4228;0.0690;0.6842;0.5364;-0.8440;0.0000;0.8290;0.5268;-0.1878;0.1585;0.1007;0.9822;2;13
-1001.6292;1730.8290;919.9339;0.1034;0.6842;0.5021;-0.8648;0.0000;0.8513;0.4942;-0.1761;0.1523;0.0884;0.9844;3;13
-926.9820;1772.1080;905.2232;0.1379;0.6842;0.4652;-0.8852;0.0000;0.8733;0.4589;-0.1635;0.1448;0.0761;0.9865;4;13
-849.2523;1810.8292;891.4243;0.1724;0.6842;0.4261;-0.9047;0.0000;0.8944;0.4213;-0.1501;0.1358;0.0640;0.9887;5;13
-768.5846;1846.6511;878.6590;0.2069;0.6842;0.3852;-0.9228;0.0000;0.9143;0.3816;-0.1360;0.1255;0.0524;0.9907;6;13
-685.1680;1879.2666;867.0365;0.2414;0.6842;0.3428;-0.9394;0.0000;0.9325;0.3402;-0.1212;0.1139;0.0416;0.9926;7;13
-599.2317;1908.4027;856.6541;0.2759;0.6842;0.2991;-0.9542;0.0000;0.9488;0.2974;-0.1060;0.1011;0.0317;0.9944;8;13
-511.0401;1933.8203;847.5969;0.3103;0.6842;0.2545;-0.9671;0.0001;0.9631;0.2535;-0.0903;0.0873;0.0230;0.9959;9;13
-420.8885;1955.3148;839.9378;0.3448;0.6842;0.2092;-0.9779;0.0001;0.9752;0.2086;-0.0743;0.0727;0.0156;0.9972;10;13
-329.0979;1972.7152;833.7376;0.3793;0.6842;0.1632;-0.9866;0.0001;0.9849;0.1629;-0.0581;0.0573;0.0096;0.9983;11;13
-236.0105;1985.8852;829.0449;0.4138;0.6842;0.1169;-0.9931;0.0001;0.9923;0.1168;-0.0416;0.0413;0.0050;0.9991;12;13
-141.9850;1994.7223;825.8962;0.4483;0.6842;0.0702;-0.9975;0.0001;0.9972;0.0702;-0.0250;0.0249;0.0019;0.9997;13;13
-47.3919;1999.1581;824.3158;0.4828;0.6842;0.0234;-0.9997;0.0001;0.9997;0.0234;-0.0083;0.0083;0.0003;1.0000;14;13
47.3911;1999.1585;824.3158;0.5172;0.6842;-0.0234;-0.9997;0.0001;0.9997;-0.0234;0.0083;-0.0083;0.0003;1.0000;15;13
141.9843;1994.7234;825.8962;0.5517;0.6842;-0.0702;-0.9975;0.0001;0.9972;-0.0702;0.0250;-0.0249;0.0019;0.9997;16;13
236.0100;1985.8870;829.0449;0.5862;0.6842;-0.1169;-0.9931;0.0001;0.9923;-0.1168;0.0416;-0.0413;0.0050;0.9991;17;13
329.0976;1972.7176;833.7376;0.6207;0.6842;-0.1632;-0.9866;0.0001;0.9849;-0.1629;0.0581;-0.0573;0.0096;0.9983;18;13
420.8885;1955.3174;839.9378;0.6552;0.6842;-0.2092;-0.9779;0.0001;0.9752;-0.2086;0.0743;-0.0727;0.0156;0.9972;19;13
511.0405;1933.8231;847.5968;0.6897;0.6842;-0.2545;-0.9671;0.0001;0.9631;-0.2535;0.0903;-0.0873;0.0230;0.9959;20;13
599.2323;1908.4053;856.6540;0.7241;0.6842;-0.2991;-0.9542;0.0000;0.9488;-0.2975;0.1060;-0.1011;0.0317;0.9944;21;13
685.1690;1879.2688;867.0363;0.7586;0.6842;-0.3428;-0.9394;0.0000;0.9325;-0.3402;0.1212;-0.1139;0.0416;0.9926;22;13
768.5859;1846.6527;878.6587;0.7931;0.6842;-0.3852;-0.9228;0.0000;0.9143;-0.3816;0.1360;-0.1255;0.0524;0.9907;23;13
849.2537;1810.8301;891.4240;0.8276;0.6842;-0.4261;-0.9047;0.0000;0.8944;-0.4213;0.1501;-0.1358;0.0640;0.9887;24;13
926.9835;1772.1082;905.2227;0.8621;0.6842;-0.4652;-0.8852;0.0000;0.8733;-0.4589;0.1635;-0.1448;0.0761;0.9865;25;13
1001.6305;1730.8286;919.9334;0.8966;0.6842;-0.5021;-0.8648;0.0000;0.8513;-0.4942;0.1761;-0.1523;0.0884;0.9844;26;13
1073.1000;1687.3668;935.4223;0.9310;0.6842;-0.5364;-0.8440;0.0000;0.8290;-0.5269;0.1878;-0.1585;0.1007;0.9822;27;13
1141.3510;1642.1325;951.5436;0.9655;0.6842;-0.5677;-0.8232;0.0000;0.8069;-0.5564;0.1983;-0.1632;0.1126;0.9801;28;13
1206.4016;1595.5698;968.1392;1.0000;0.6842;-0.5955;-0.8034;0.0001;0.7859;-0.5825;0.2076;-0.1668;0.1237;0.9782;29;13
-1206.4027;1595.5651;888.7669;0.0000;0.7368;0.5955;-0.8034;0.0000;0.7832;0.5805;-0.2228;0.1790;0.1327;0.9749;0;14
-1141.3508;1642.1311;870.8944;0.0345;0.7368;0.5677;-0.8232;0.0000;0.8044;0.5547;-0.2129;0.1753;0.1209;0.9771;1;14
-1073.0989;1687.3669;853.5329;0.0690;0.7368;0.5364;-0.8440;-0.0000;0.8266;0.5254;-0.2016;0.1702;0.1082;0.9795;2;14
-1001.6289;1730.8289;836.8526;0.1034;0.7368;0.5021;-0.8648;-0.0000;0.8492;0.4930;-0.1892;0.1636;0.0950;0.9819;3;14
-926.9816;1772.1077;821.0105;0.1379;0.7368;0.4652;-0.8852;-0.0000;0.8714;0.4579;-0.1757;0.1556;0.0818;0.9844;4;14
-849.2519;1810.8282;806.1505;0.1724;0.7368;0.4261;-0.9047;0.0000;0.8928;0.4205;-0.1614;0.1460;0.0688;0.9869;5;14
-768.5841;1846.6492;792.4035;0.2069;0.7368;0.3852;-0.9228;0.0000;0.9129;0.3810;-0.1462;0.1349;0.0563;0.9893;6;14
-685.1675;1879.2635;779.8874;0.2414;0.7368;0.3428;-0.9394;0.0000;0.9314;0.3398;-0.1304;0.1225;0.0447;0.9915;7;14
-599.2312;1908.3983;768.7067;0.2759;0.7368;0.2991;-0.9542;0.0000;0.9480;0.2972;-0.1140;0.1088;0.0342;0.9935;8;14
-511.0397;1933.8147;758.9532;0.3103;0.7368;0.2545;-0.9671;0.0001;0.9625;0.2533;-0.0972;0.0940;0.0248;0.9953;9;14
-420.8882;1955.3079;750.7053;0.3448;0.7368;0.2092;-0.9779;0.0001;0.9747;0.2085;-0.0800;0.0782;0.0168;0.9968;10;14
-329.0976;1972.7073;744.0284;0.3793;0.7368;0.1632;-0.9866;0.0001;0.9847;0.1629;-0.0625;0.0617;0.0103;0.9980;11;14
-236.0103;1985.8764;738.9750;0.4138;0.7368;0.1169;-0.9931;0.0001;0.9922;0.1167;-0.0448;0.0445;0.0053;0.9990;12;14
-141.9849;1994.7129;735.5842;0.4483;0.7368;0.0702;-0.9975;0.0001;0.9972;0.0702;-0.0269;0.0269;0.0020;0.9996;13;14
-47.3919;1999.1484;733.8823;0.4828;0.7368;0.0234;-0.9997;0.0001;0.9997;0.0234;-0.0090;0.0090;0.0003;1.0000;14;14
47.3911;1999.1488;733.8823;0.5172;0.7368;-0.0234;-0.9997;0.0001;0.9997;-0.0234;0.0090;-0.0090;0.0003;1.0000;15;14
141.9841;1994.7141;735.5843;0.5517;0.7368;-0.0702;-0.9975;0.0001;0.9972;-0.0702;0.0269;-0.0269;0.0020;0.9996;16;14
236.0097;1985.8783;738.9750;0.5862;0.7368;-0.1169;-0.9931;0.0001;0.9922;-0.1167;0.0448;-0.0445;0.0053;0.9990;17;14
329.0973;1972.7096;744.0284;0.6207;0.7368;-0.1632;-0.9866;0.0001;0.9847;-0.1629;0.0625;-0.0617;0.0103;0.9980;18;14
420.8881;1955.3105;750.7053;0.6552;0.7368;-0.2092;-0.9779;0.0001;0.9748;-0.2085;0.0800;-0.0782;0.0168;0.9968;19;14
511.0400;1933.8174;758.9531;0.6897;0.7368;-0.2545;-0.9671;0.0001;0.9625;-0.2533;0.0972;-0.0940;0.0248;0.9953;20;14
599.2318;1908.4009;768.7066;0.7241;0.7368;-0.2991;-0.9542;0.0000;0.9480;-0.2972;0.1140;-0.1088;0.0342;0.9935;21;14
685.1685;1879.2658;779.8872;0.7586;0.7368;-0.3428;-0.9394;0.0000;0.9314;-0.3398;0.1304;-0.1225;0.0447;0.9915;22;14
768.5854;1846.6509;792.4033;0.7931;0.7368;-0.3852;-0.9228;0.0000;0.9129;-0.3810;0.1462;-0.1349;0.0563;0.9893;23;14
849.2533;1810.8292;806.1502;0.8276;0.7368;-0.4261;-0.9047;0.0000;0.8928;-0.4205;0.1614;-0.1460;0.0688;0.9869;24;14
926.9831;1772.1080;821.0101;0.8621;0.7368;-0.4652;-0.8852;-0.0000;0.8714;-0.4579;0.1757;-0.1556;0.0818;0.9844;25;14
1001.6303;1730.8284;836.8521;0.8966;0.7368;-0.5021;-0.8648;-0.0000;0.8492;-0.4930;0.1892;-0.1636;0.0950;0.9819;26;14
1073.0999;1687.3661;853.5324;0.9310;0.7368;-0.5364;-0.8440;-0.0000;0.8266;-0.5254;0.2016;-0.1702;0.1082;0.9795;27;14
1141.3511;1642.1305;870.8939;0.9655;0.7368;-0.5677;-0.8232;0.0000;0.8044;-0.5547;0.2129;-0.1753;0.1209;0.9771;28;14
1206.4019;1595.5654;888.7664;1.0000;0.7368;-0.5955;-0.8034;0.0000;0.7832;-0.5805;0.2228;-0.1790;0.1327;0.9749;29;14
-1206.4037;1595.5639;809.3924;0.0000;0.7895;0.5955;-0.8033;-0.0000;0.7803;0.5784;-0.2379;0.1911;0.1416;0.9713;0;15
-1141.3516;1642.1319;790.2432;0.0345;0.7895;0.5677;-0.8232;-0.0000;0.8017;0.5528;-0.2273;0.1872;0.1290;0.9738;1;15
-1073.0994;1687.3686;771.6418;0.0690;0.7895;0.5364;-0.8440;-0.0000;0.8242;0.5238;-0.2154;0.1818;0.1155;0.9765;2;15
-1001.6292;1730.8307;753.7702;0.1034;0.7895;0.5021;-0.8648;-0.0000;0.8470;0.4917;-0.2022;0.1749;0.1015;0.9793;3;15
-926.9817;1772.1091;736.7968;0.1379;0.7895;0.4652;-0.8852;-0.0000;0.8695;0.4569;-0.1879;0.1663;0.0874;0.9822;4;15
-849.2519;1810.8287;720.8758;0.1724;0.7895;0.4261;-0.9047;-0.0000;0.8911;0.4197;-0.1726;0.1561;0.0735;0.9850;5;15
-768.5840;1846.6484;706.1474;0.2069;0.7895;0.3852;-0.9228;-0.0000;0.9115;0.3804;-0.1564;0.1444;0.0602;0.9877;6;15
-685.1673;1879.2613;692.7377;0.2414;0.7895;0.3427;-0.9394;0.0000;0.9302;0.3394;-0.1395;0.1311;0.0478;0.9902;7;15
-599.2310;1908.3946;680.7589;0.2759;0.7895;0.2991;-0.9542;0.0000;0.9471;0.2969;-0.1221;0.1165;0.0365;0.9925;8;15
-511.0395;1933.8094;670.3091;0.3103;0.7895;0.2545;-0.9671;0.0000;0.9618;0.2531;-0.1041;0.1006;0.0265;0.9946;9;15
-420.8880;1955.3013;661.4724;0.3448;0.7895;0.2091;-0.9779;0.0001;0.9743;0.2084;-0.0857;0.0838;0.0180;0.9963;10;15
-329.0975;1972.6995;654.3190;0.3793;0.7895;0.1632;-0.9866;0.0001;0.9844;0.1628;-0.0669;0.0660;0.0110;0.9978;11;15
-236.0102;1985.8677;648.9049;0.4138;0.7895;0.1169;-0.9931;0.0001;0.9920;0.1167;-0.0480;0.0476;0.0057;0.9988;12;15
-141.9848;1994.7036;645.2721;0.4483;0.7895;0.0702;-0.9975;0.0001;0.9971;0.0702;-0.0289;0.0288;0.0021;0.9996;13;15
-47.3919;1999.1387;643.4487;0.4828;0.7895;0.0234;-0.9997;0.0001;0.9997;0.0234;-0.0096;0.0096;0.0003;1.0000;14;15
47.3910;1999.1391;643.4487;0.5172;0.7895;-0.0234;-0.9997;0.0001;0.9997;-0.0234;0.0096;-0.0096;0.0003;1.0000;15;15
141.9840;1994.7047;645.2721;0.5517;0.7895;-0.0702;-0.9975;0.0001;0.9971;-0.0702;0.0289;-0.0288;0.0021;0.9996;16;15
236.0096;1985.8696;648.9049;0.5862;0.7895;-0.1168;-0.9932;0.0001;0.9920;-0.1167;0.0480;-0.0476;0.0057;0.9988;17;15
329.0971;1972.7019;654.3190;0.6207;0.7895;-0.1632;-0.9866;0.0001;0.9844;-0.1628;0.0669;-0.0660;0.0110;0.9978;18;15
420.8879;1955.3040;661.4725;0.6552;0.7895;-0.2091;-0.9779;0.0001;0.9743;-0.2084;0.0857;-0.0838;0.0180;0.9963;19;15
511.0398;1933.8123;670.3091;0.6897;0.7895;-0.2545;-0.9671;0.0000;0.9618;-0.2531;0.1041;-0.1006;0.0265;0.9946;20;15
599.2316;1908.3972;680.7588;0.7241;0.7895;-0.2991;-0.9542;0.0000;0.9471;-0.2969;0.1221;-0.1165;0.0365;0.9925;21;15
685.1683;1879.2636;692.7376;0.7586;0.7895;-0.3427;-0.9394;0.0000;0.9302;-0.3394;0.1395;-0.1311;0.0478;0.9902;22;15
768.5853;1846.6501;706.1472;0.7931;0.7895;-0.3852;-0.9228;-0.0000;0.9115;-0.3804;0.1564;-0.1444;0.0602;0.9877;23;15
849.2533;1810.8297;720.8756;0.8276;0.7895;-0.4261;-0.9047;-0.0000;0.8911;-0.4197;0.1726;-0.1561;0.0735;0.9850;24;15
926.9832;1772.1094;736.7965;0.8621;0.7895;-0.4652;-0.8852;-0.0000;0.8695;-0.4569;0.1879;-0.1663;0.0874;0.9822;25;15
1001.6306;1730.8304;753.7698;0.8966;0.7895;-0.5021;-0.8648;-0.0000;0.8470;-0.4917;0.2022;-0.1749;0.1015;0.9793;26;15
1073.1004;1687.3678;771.6413;0.9310;0.7895;-0.5364;-0.8440;-0.0000;0.8242;-0.5238;0.2154;-0.1818;0.1155;0.9765;27;15
1141.3518;1642.1313;790.2428;0.9655;0.7895;-0.5677;-0.8232;-0.0000;0.8017;-0.5528;0.2273;-0.1872;0.1290;0.9738;28;15
1206.4029;1595.5643;809.3920;1.0000;0.7895;-0.5955;-0.8033;-0.0000;0.7803;-0.5784;0.2379;-0.1911;0.1416;0.9713;29;15
-1206.4059;1595.5692;730.0146;0.0000;0.8421;0.5955;-0.8034;-0.0001;0.7773;0.5762;-0.2527;0.2031;0.1504;0.9675;0;16
-1141.3533;1642.1386;709.5889;0.0345;0.8421;0.5677;-0.8232;-0.0001;0.7988;0.5509;-0.2416;0.1990;0.1371;0.9704;1;16
-1073.1008;1687.3758;689.7476;0.0690;0.8421;0.5364;-0.8440;-0.0001;0.8215;0.5221;-0.2290;0.1934;0.1227;0.9734;2;16
-1001.6303;1730.8377;670.6851;0.1034;0.8421;0.5020;-0.8648;-0.0001;0.8446;0.4903;-0.2151;0.1861;0.1079;0.9766;3;16
-926.9825;1772.1153;652.5806;0.1379;0.8421;0.4651;-0.8852;-0.0001;0.8674;0.4558;-0.1999;0.1770;0.0929;0.9798;4;16
-849.2525;1810.8336;635.5987;0.1724;0.8421;0.4260;-0.9047;-0.0001;0.8893;0.4188;-0.1837;0.1662;0.0782;0.9830;5;16
-768.5844;1846.6517;619.8890;0.2069;0.8421;0.3851;-0.9229;-0.0001;0.9100;0.3798;-0.1666;0.1537;0.0641;0.9860;6;16
-685.1676;1879.2629;605.5858;0.2414;0.8421;0.3427;-0.9394;-0.0001;0.9290;0.3389;-0.1486;0.1397;0.0509;0.9889;7;16
-599.2312;1908.3944;592.8090;0.2759;0.8421;0.2991;-0.9542;-0.0000;0.9461;0.2965;-0.1301;0.1241;0.0389;0.9915;8;16
-511.0396;1933.8076;581.6630;0.3103;0.8421;0.2545;-0.9671;-0.0000;0.9611;0.2529;-0.1109;0.1073;0.0282;0.9938;9;16
-420.8880;1955.2979;572.2377;0.3448;0.8421;0.2091;-0.9779;0.0000;0.9738;0.2082;-0.0913;0.0893;0.0191;0.9958;10;16
-329.0975;1972.6949;564.6077;0.3793;0.8421;0.1632;-0.9866;0.0000;0.9841;0.1628;-0.0714;0.0704;0.0117;0.9974;11;16
-236.0101;1985.8620;558.8330;0.4138;0.8421;0.1168;-0.9932;0.0000;0.9918;0.1167;-0.0512;0.0508;0.0060;0.9987;12;16
-141.9848;1994.6971;554.9582;0.4483;0.8421;0.0702;-0.9975;0.0000;0.9971;0.0702;-0.0308;0.0307;0.0022;0.9995;13;16
-47.3919;1999.1320;553.0133;0.4828;0.8421;0.0234;-0.9997;0.0000;0.9997;0.0234;-0.0103;0.0103;0.0003;0.9999;14;16
47.3911;1999.1324;553.0134;0.5172;0.8421;-0.0234;-0.9997;0.0000;0.9997;-0.0234;0.0103;-0.0103;0.0003;0.9999;15;16
141.9841;1994.6983;554.9583;0.5517;0.8421;-0.0702;-0.9975;0.0000;0.9971;-0.0702;0.0308;-0.0307;0.0022;0.9995;16;16
236.0096;1985.8639;558.8331;0.5862;0.8421;-0.1168;-0.9932;0.0000;0.9919;-0.1167;0.0512;-0.0508;0.0060;0.9987;17;16
329.0972;1972.6973;564.6079;0.6207;0.8421;-0.1632;-0.9866;0.0000;0.9841;-0.1628;0.0714;-0.0704;0.0117;0.9974;18;16
420.8880;1955.3007;572.2378;0.6552;0.8421;-0.2091;-0.9779;0.0000;0.9738;-0.2082;0.0913;-0.0893;0.0191;0.9958;19;16
511.0400;1933.8105;581.6631;0.6897;0.8421;-0.2545;-0.9671;-0.0000;0.9611;-0.2529;0.1109;-0.1073;0.0282;0.9938;20;16
599.2319;1908.3972;592.8091;0.7241;0.8421;-0.2991;-0.9542;-0.0000;0.9461;-0.2965;0.1301;-0.1241;0.0389;0.9915;21;16
685.1687;1879.2654;605.5859;0.7586;0.8421;-0.3427;-0.9394;-0.0001;0.9290;-0.3389;0.1486;-0.1397;0.0509;0.9889;22;16
768.5858;1846.6536;619.8889;0.7931;0.8421;-0.3851;-0.9229;-0.0001;0.9100;-0.3798;0.1666;-0.1537;0.0641;0.9860;23;16
849.2540;1810.8348;635.5986;0.8276;0.8421;-0.4261;-0.9047;-0.0001;0.8893;-0.4188;0.1837;-0.1662;0.0782;0.9830;24;16
926.9841;1772.1157;652.5804;0.8621;0.8421;-0.4651;-0.8852;-0.0001;0.8674;-0.4558;0.1999;-0.1770;0.0929;0.9798;25;16
1001.6317;1730.8375;670.6848;0.8966;0.8421;-0.5020;-0.8648;-0.0001;0.8446;-0.4903;0.2151;-0.1861;0.1079;0.9766;26;16
1073.1018;1687.3753;689.7474;0.9310;0.8421;-0.5364;-0.8440;-0.0001;0.8215;-0.5221;0.2290;-0.1934;0.1227;0.9734;27;16
1141.3536;1642.1382;709.5887;0.9655;0.8421;-0.5677;-0.8232;-0.0001;0.7988;-0.5509;0.2416;-0.1990;0.1371;0.9704;28;16
1206.4051;1595.5697;730.0144;1.0000;0.8421;-0.5955;-0.8034;-0.0001;0.7773;-0.5762;0.2527;-0.2031;0.1504;0.9675;29;16
-1206.4096;1595.5858;650.6310;0.0000;0.8947;0.5955;-0.8034;-0.0003;0.7741;0.5739;-0.2674;0.2150;0.1590;0.9636;0;17
-1141.3564;1642.1561;628.9291;0.0345;0.8947;0.5677;-0.8233;-0.0003;0.7958;0.5488;-0.2558;0.2107;0.1450;0.9667;1;17
-1073.1034;1687.3932;607.8482;0.0690;0.8947;0.5363;-0.8440;-0.0003;0.8188;0.5204;-0.2425;0.2048;0.1298;0.9702;2;17
-1001.6325;1730.8544;587.5948;0.1034;0.8947;0.5020;-0.8649;-0.0003;0.8421;0.4889;-0.2278;0.1972;0.1141;0.9737;3;17
-926.9843;1772.1307;568.3595;0.1379;0.8947;0.4651;-0.8853;-0.0002;0.8651;0.4546;-0.2118;0.1876;0.0983;0.9773;4;17
-849.2539;1810.8473;550.3169;0.1724;0.8947;0.4260;-0.9047;-0.0002;0.8874;0.4179;-0.1947;0.1763;0.0828;0.9809;5;17
-768.5856;1846.6636;533.6260;0.2069;0.8947;0.3851;-0.9229;-0.0002;0.9083;0.3791;-0.1767;0.1631;0.0678;0.9843;6;17
-685.1685;1879.2727;518.4296;0.2414;0.8947;0.3427;-0.9395;-0.0002;0.9277;0.3384;-0.1577;0.1482;0.0539;0.9875;7;17
-599.2319;1908.4022;504.8548;0.2759;0.8947;0.2990;-0.9542;-0.0002;0.9451;0.2962;-0.1380;0.1318;0.0411;0.9904;8;17
-511.0402;1933.8135;493.0128;0.3103;0.8947;0.2544;-0.9671;-0.0001;0.9604;0.2527;-0.1178;0.1139;0.0298;0.9930;9;17
-420.8884;1955.3021;482.9989;0.3448;0.8947;0.2091;-0.9779;-0.0001;0.9733;0.2081;-0.0970;0.0949;0.0202;0.9953;10;17
-329.0977;1972.6975;474.8925;0.3793;0.8947;0.1632;-0.9866;-0.0001;0.9838;0.1627;-0.0758;0.0748;0.0123;0.9971;11;17
-236.0103;1985.8635;468.7571;0.4138;0.8947;0.1168;-0.9932;-0.0001;0.9917;0.1167;-0.0544;0.0540;0.0063;0.9985;12;17
-141.9848;1994.6979;464.6404;0.4483;0.8947;0.0702;-0.9975;-0.0001;0.9970;0.0702;-0.0327;0.0326;0.0022;0.9995;13;17
-47.3918;1999.1323;462.5741;0.4828;0.8947;0.0234;-0.9997;-0.0001;0.9997;0.0234;-0.0109;0.0109;0.0002;0.9999;14;17
47.3912;1999.1327;462.5741;0.5172;0.8947;-0.0234;-0.9997;-0.0001;0.9997;-0.0234;0.0109;-0.0109;0.0002;0.9999;15;17
141.9843;1994.6991;464.6405;0.5517;0.8947;-0.0702;-0.9975;-0.0001;0.9970;-0.0702;0.0327;-0.0326;0.0022;0.9995;16;17
236.0100;1985.8655;468.7573;0.5862;0.8947;-0.1168;-0.9932;-0.0001;0.9917;-0.1166;0.0544;-0.0540;0.0063;0.9985;17;17
329.0976;1972.7001;474.8927;0.6207;0.8947;-0.1632;-0.9866;-0.0001;0.9838;-0.1627;0.0758;-0.0748;0.0123;0.9971;18;17
420.8886;1955.3050;482.9991;0.6552;0.8947;-0.2091;-0.9779;-0.0001;0.9733;-0.2081;0.0970;-0.0949;0.0202;0.9953;19;17
511.0407;1933.8166;493.0130;0.6897;0.8947;-0.2544;-0.9671;-0.0001;0.9604;-0.2527;0.1178;-0.1139;0.0298;0.9930;20;17
599.2328;1908.4052;504.8550;0.7241;0.8947;-0.2990;-0.9542;-0.0002;0.9451;-0.2962;0.1380;-0.1318;0.0411;0.9904;21;17
685.1698;1879.2754;518.4298;0.7586;0.8947;-0.3427;-0.9395;-0.0002;0.9277;-0.3384;0.1577;-0.1482;0.0539;0.9875;22;17
768.5871;1846.6656;533.6261;0.7931;0.8947;-0.3851;-0.9229;-0.0002;0.9083;-0.3791;0.1767;-0.1631;0.0678;0.9843;23;17
849.2556;1810.8487;550.3170;0.8276;0.8947;-0.4260;-0.9047;-0.0002;0.8874;-0.4179;0.1947;-0.1763;0.0828;0.9809;24;17
926.9861;1772.1314;568.3595;0.8621;0.8947;-0.4651;-0.8853;-0.0003;0.8651;-0.4546;0.2118;-0.1876;0.0983;0.9773;25;17
1001.6341;1730.8545;587.5948;0.8966;0.8947;-0.5020;-0.8649;-0.0003;0.8421;-0.4889;0.2278;-0.1972;0.1141;0.9737;26;17
1073.1046;1687.3929;607.8482;0.9310;0.8947;-0.5363;-0.8440;-0.0003;0.8188;-0.5204;0.2425;-0.2048;0.1298;0.9702;27;17
1141.3569;1642.1559;628.9291;0.9655;0.8947;-0.5677;-0.8233;-0.0003;0.7958;-0.5488;0.2558;-0.2107;0.1450;0.9667;28;17
1206.4089;1595.5865;650.6310;1.0000;0.8947;-0.5955;-0.8034;-0.0003;0.7741;-0.5738;0.2674;-0.2150;0.1590;0.9636;29;17
-1206.4151;1595.6197;571.2383;0.0000;0.9474;0.5954;-0.8034;-0.0005;0.7707;0.5714;-0.2819;0.2268;0.1675;0.9594;0;18
-1141.3612;1642.1903;548.2605;0.0345;0.9474;0.5676;-0.8233;-0.0005;0.7927;0.5467;-0.2697;0.2223;0.1527;0.9629;1;18
-1073.1076;1687.4269;525.9403;0.0690;0.9474;0.5363;-0.8440;-0.0005;0.8159;0.5185;-0.2558;0.2162;0.1368;0.9667;2;18
-1001.6361;1730.8868;504.4963;0.1034;0.9474;0.5019;-0.8649;-0.0005;0.8395;0.4873;-0.2405;0.2082;0.1203;0.9707;3;18
-926.9874;1772.1613;484.1303;0.1379;0.9474;0.4650;-0.8853;-0.0005;0.8628;0.4533;-0.2237;0.1982;0.1036;0.9747;4;18
-849.2565;1810.8758;465.0273;0.1724;0.9474;0.4259;-0.9047;-0.0004;0.8854;0.4169;-0.2057;0.1863;0.0872;0.9786;5;18
-768.5878;1846.6898;447.3553;0.2069;0.9474;0.3850;-0.9229;-0.0004;0.9066;0.3783;-0.1867;0.1724;0.0715;0.9824;6;18
-685.1703;1879.2966;431.2658;0.2414;0.9474;0.3426;-0.9395;-0.0004;0.9263;0.3379;-0.1667;0.1568;0.0568;0.9860;7;18
-599.2333;1908.4237;416.8932;0.2759;0.9474;0.2990;-0.9543;-0.0003;0.9440;0.2958;-0.1460;0.1394;0.0433;0.9893;8;18
-511.0413;1933.8328;404.3553;0.3103;0.9474;0.2544;-0.9671;-0.0003;0.9596;0.2525;-0.1246;0.1206;0.0314;0.9922;9;18
-420.8893;1955.3195;393.7529;0.3448;0.9474;0.2091;-0.9779;-0.0003;0.9727;0.2080;-0.1026;0.1004;0.0212;0.9947;10;18
-329.0983;1972.7133;385.1702;0.3793;0.9474;0.1631;-0.9866;-0.0003;0.9834;0.1626;-0.0802;0.0792;0.0128;0.9968;11;18
-236.0106;1985.8781;378.6742;0.4138;0.9474;0.1168;-0.9932;-0.0003;0.9915;0.1166;-0.0575;0.0572;0.0065;0.9983;12;18
-141.9850;1994.7115;374.3156;0.4483;0.9474;0.0702;-0.9975;-0.0003;0.9969;0.0702;-0.0346;0.0345;0.0022;0.9994;13;18
-47.3917;1999.1455;372.1279;0.4828;0.9474;0.0234;-0.9997;-0.0002;0.9997;0.0234;-0.0116;0.0116;0.0000;0.9999;14;18
47.3915;1999.1460;372.1280;0.5172;0.9474;-0.0234;-0.9997;-0.0002;0.9997;-0.0234;0.0116;-0.0116;0.0000;0.9999;15;18
141.9849;1994.7128;374.3158;0.5517;0.9474;-0.0702;-0.9975;-0.0003;0.9969;-0.0701;0.0346;-0.0345;0.0022;0.9994;16;18
236.0107;1985.8801;378.6745;0.5862;0.9474;-0.1168;-0.9932;-0.0003;0.9915;-0.1166;0.0575;-0.0572;0.0065;0.9983;17;18
329.0987;1972.7160;385.1705;0.6207;0.9474;-0.1631;-0.9866;-0.0003;0.9834;-0.1626;0.0802;-0.0792;0.0128;0.9968;18;18
420.8899;1955.3226;393.7533;0.6552;0.9474;-0.2090;-0.9779;-0.0003;0.9727;-0.2080;0.1026;-0.1004;0.0212;0.9947;19;18
511.0423;1933.8361;404.3558;0.6897;0.9474;-0.2544;-0.9671;-0.0003;0.9596;-0.2525;0.1246;-0.1206;0.0314;0.9922;20;18
599.2347;1908.4270;416.8937;0.7241;0.9474;-0.2990;-0.9543;-0.0003;0.9440;-0.2958;0.1460;-0.1394;0.0433;0.9893;21;18
685.1720;1879.2995;431.2663;0.7586;0.9474;-0.3426;-0.9395;-0.0004;0.9263;-0.3379;0.1667;-0.1568;0.0568;0.9860;22;18
768.5897;1846.6922;447.3558;0.7931;0.9474;-0.3850;-0.9229;-0.0004;0.9066;-0.3783;0.1867;-0.1724;0.0715;0.9824;23;18
849.2586;1810.8776;465.0277;0.8276;0.9474;-0.4259;-0.9047;-0.0004;0.8854;-0.4169;0.2057;-0.1863;0.0872;0.9786;24;18
926.9896;1772.1624;484.1307;0.8621;0.9474;-0.4650;-0.8853;-0.0005;0.8628;-0.4533;0.2237;-0.1982;0.1036;0.9747;25;18
1001.6381;1730.8872;504.4967;0.8966;0.9474;-0.5019;-0.8649;-0.0005;0.8395;-0.4873;0.2405;-0.2082;0.1203;0.9707;26;18
1073.1092;1687.4270;525.9407;0.9310;0.9474;-0.5363;-0.8440;-0.0005;0.8159;-0.5185;0.2559;-0.2162;0.1368;0.9667;27;18
1141.3621;1642.1905;548.2609;0.9655;0.9474;-0.5676;-0.8233;-0.0005;0.7927;-0.5467;0.2697;-0.2224;0.1527;0.9629;28;18
1206.4149;1595.6208;571.2388;1.0000;0.9474;-0.5954;-0.8034;-0.0005;0.7707;-0.5714;0.2819;-0.2268;0.1675;0.9594;29;18
-1206.4231;1595.6789;491.8326;0.0000;1.0000;0.5953;-0.8035;-0.0008;0.7673;0.5688;-0.2962;0.2385;0.1757;0.9551;0;19
-1141.3683;1642.2491;467.5791;0.0345;1.0000;0.5675;-0.8234;-0.0008;0.7895;0.5444;-0.2835;0.2339;0.1603;0.9590;1;19
-1073.1138;1687.4845;444.0199;0.0690;1.0000;0.5362;-0.8441;-0.0008;0.8129;0.5166;-0.2690;0.2275;0.1436;0.9631;2;19
-1001.6415;1730.9426;421.3856;0.1034;1.0000;0.5018;-0.8650;-0.0008;0.8367;0.4857;-0.2530;0.2192;0.1263;0.9675;3;19
-926.9921;1772.2149;399.8891;0.1379;1.0000;0.4649;-0.8853;-0.0008;0.8604;0.4520;-0.2354;0.2088;0.1088;0.9719;4;19
-849.2605;1810.9268;379.7258;0.1724;1.0000;0.4259;-0.9048;-0.0007;0.8832;0.4159;-0.2166;0.1963;0.0916;0.9763;5;19
-768.5912;1846.7381;361.0731;0.2069;1.0000;0.3849;-0.9229;-0.0007;0.9049;0.3776;-0.1967;0.1818;0.0751;0.9805;6;19
-685.1732;1879.3421;344.0906;0.2414;1.0000;0.3425;-0.9395;-0.0007;0.9248;0.3373;-0.1757;0.1653;0.0596;0.9844;7;19
-599.2357;1908.4666;328.9204;0.2759;1.0000;0.2989;-0.9543;-0.0006;0.9429;0.2955;-0.1539;0.1470;0.0454;0.9881;8;19
-511.0432;1933.8733;315.6867;0.3103;1.0000;0.2543;-0.9671;-0.0006;0.9587;0.2522;-0.1314;0.1272;0.0328;0.9913;9;19
-420.8907;1955.3577;304.4959;0.3448;1.0000;0.2090;-0.9779;-0.0006;0.9722;0.2078;-0.1083;0.1060;0.0221;0.9941;10;19
-329.0993;1972.7498;295.4369;0.3793;1.0000;0.1631;-0.9866;-0.0006;0.9831;0.1626;-0.0847;0.0836;0.0133;0.9964;11;19
-236.0112;1985.9131;288.5805;0.4138;1.0000;0.1168;-0.9932;-0.0005;0.9913;0.1166;-0.0607;0.0604;0.0066;0.9982;12;19
-141.9852;1994.7456;283.9800;0.4483;1.0000;0.0702;-0.9975;-0.0005;0.9969;0.0701;-0.0365;0.0365;0.0020;0.9993;13;19
-47.3915;1999.1791;281.6710;0.4828;1.0000;0.0234;-0.9997;-0.0005;0.9997;0.0234;-0.0122;0.0122;-0.0002;0.9999;14;19
47.3921;1999.1796;281.6711;0.5172;1.0000;-0.0234;-0.9997;-0.0005;0.9997;-0.0234;0.0122;-0.0122;-0.0002;0.9999;15;19
141.9858;1994.7470;283.9803;0.5517;1.0000;-0.0702;-0.9975;-0.0005;0.9969;-0.0701;0.0365;-0.0365;0.0020;0.9993;16;19
236.0121;1985.9153;288.5809;0.5862;1.0000;-0.1168;-0.9932;-0.0005;0.9913;-0.1166;0.0607;-0.0604;0.0066;0.9982;17;19
329.1004;1972.7527;295.4374;0.6207;1.0000;-0.1631;-0.9866;-0.0006;0.9831;-0.1625;0.0847;-0.0836;0.0133;0.9964;18;19
420.8921;1955.3611;304.4966;0.6552;1.0000;-0.2090;-0.9779;-0.0006;0.9722;-0.2078;0.1083;-0.1060;0.0221;0.9941;19;19
511.0449;1933.8769;315.6874;0.6897;1.0000;-0.2543;-0.9671;-0.0006;0.9587;-0.2522;0.1314;-0.1272;0.0328;0.9913;20;19
599.2378;1908.4702;328.9212;0.7241;1.0000;-0.2989;-0.9543;-0.0006;0.9429;-0.2955;0.1539;-0.1470;0.0454;0.9881;21;19
685.1756;1879.3455;344.0914;0.7586;1.0000;-0.3425;-0.9395;-0.0007;0.9248;-0.3373;0.1757;-0.1653;0.0596;0.9844;22;19
768.5939;1846.7409;361.0739;0.7931;1.0000;-0.3850;-0.9229;-0.0007;0.9049;-0.3776;0.1967;-0.1818;0.0751;0.9805;23;19
849.2634;1810.9291;379.7267;0.8276;1.0000;-0.4259;-0.9048;-0.0007;0.8832;-0.4159;0.2166;-0.1963;0.0916;0.9763;24;19
926.9950;1772.2165;399.8900;0.8621;1.0000;-0.4649;-0.8853;-0.0008;0.8604;-0.4520;0.2354;-0.2088;0.1088;0.9719;25;19
1001.6442;1730.9436;421.3865;0.8966;1.0000;-0.5018;-0.8650;-0.0008;0.8367;-0.4857;0.2530;-0.2192;0.1263;0.9675;26;19
1073.1161;1687.4852;444.0208;0.9310;1.0000;-0.5362;-0.8441;-0.0008;0.8129;-0.5166;0.2691;-0.2275;0.1436;0.9631;27;19
1141.3698;1642.2500;467.5801;0.9655;1.0000;-0.5675;-0.8234;-0.0008;0.7895;-0.5444;0.2835;-0.2339;0.1602;0.9590;28;19
1206.4235;1595.6807;491.8337;1.0000;1.0000;-0.5953;-0.8035;-0.0008;0.7673;-0.5688;0.2962;-0.2385;0.1757;0.9551;29;19
